Cidade,count
Bom Jesus,30
São Francisco,28
São Domingos,28
Santa Luzia,28
Santa Inês,24
Santa Helena,24
Bonito,23
Presidente Juscelino,21
Jussara,21
Santa Maria,21
Sobradinho,21
Santa Terezinha,21
Campo Grande,19
Cachoeirinha,19
Triunfo,19
Itambé,17
Vera Cruz,17
Belém,16
Bom Sucesso,16
Aurora,14
Mesquita,14
Santa Rita,14
Santana,14
Tapejara,14
Barra Bonita,14
Teodoro Sampaio,14
Colorado,14
Baraúna,14
Vargem,14
Lagoa Santa,14
Santa Cruz,14
Jardim,14
São Bento,14
Santa Isabel,14
Guaíra,14
Itapiranga,14
Turmalina,14
Anchieta,14
Itajá,14
Tavares,14
Toledo,14
Bonfim,14
Bom Jardim,14
Valença,14
Praia Grande,14
Araguanã,14
Santarém,14
Santa Teresinha,14
Borborema,14
São Gonçalo do Amarante,14
Cafelândia,14
Guaraciaba,14
Várzea,14
Caracol,14
Caraúbas,14
Feira Nova,14
Trindade,14
Santo André,14
Pinhalzinho,14
Catanduvas,14
Alto Alegre,14
Cedro,14
São Francisco de Paula,14
Cruzeiro do Sul,14
Condado,14
Tapira,14
Santa Rosa de Lima,14
São Gabriel,14
Araruna,14
Piranhas,14
Paulista,14
Planalto,14
Presidente Castelo Branco,14
Parnamirim,14
Riacho de Santana,14
Atalaia,14
Colinas,14
Areia Branca,14
Antônio Carlos,14
Bandeirantes,14
Pinhão,14
São João Batista,14
Douradina,14
Sertãozinho,14
Amparo,14
Nova União,14
Ouro Branco,14
Nova Olinda,14
Mundo Novo,14
Mulungu,14
Saltinho,12
Rio Claro,12
Vargem Bonita,12
Jandaíra,12
Santa Lúcia,12
Jacutinga,12
São João,12
Salgadinho,12
Caiçara,12
Canápolis,12
Aparecida,12
Itaporanga,12
Entre Rios,12
Estrela do Norte,12
Floresta,12
Várzea Grande,12
Cascavel,12
Cantagalo,12
Capanema,12
Viçosa,12
Turvo,12
Guará,12
Santa Filomena,12
Jardinópolis,12
Hidrolândia,12
Wenceslau Braz,10
Formoso,10
Japurá,10
Morrinhos,10
Capela,10
Humaitá,10
Riachinho,10
Jatobá,10
Mirador,10
Iguatu,10
Viana,10
Brejinho,10
Guaraci,10
General Carneiro,10
Ruy Barbosa,9
São José do Divino,9
São Vicente,9
Primavera,9
Jaborandi,9
Pedra Preta,9
Natividade,9
Itapeva,9
Belo Monte,9
Tapiraí,9
Bom Jesus do Tocantins,9
Barra de São Miguel,9
Presidente Kennedy,9
Pilões,9
Pitangueiras,9
Itabaiana,9
Barro Alto,9
Palestina,9
Barracão,9
Prata,9
Ipueiras,9
Bocaina,9
Nova Olímpia,9
São Sebastião,9
Lagoa Grande,9
Centenário,9
Lajeado,9
Cedral,9
Terra Roxa,9
Jurema,9
Conde,9
Alhandra,7
Alfredo Marcondes,7
Alexandria,7
Alegria,7
Aliança,7
Douradoquara,7
Doresópolis,7
Dores de Campos,7
Dona Inês,7
Dom Viçoso,7
Dom Silvério,7
Carlos Gomes,7
Carrasco Bonito,7
Carnaúba dos Dantas,7
Caruaru,7
Carnaíba,7
Coluna,7
Colômbia,7
Colônia Leopoldina,7
Alto Boa Vista,7
Altinho,7
Altamira do Paraná,7
Altinópolis,7
Alta Floresta do Oeste,7
Aloândia,7
Alta Floresta,7
Esperantinópolis,7
Estância Velha,7
Estreito,7
Foz do Iguaçu,7
Fortaleza dos Valos,7
Fortuna de Minas,7
Fortaleza,7
Colider,7
Coivaras,7
Itacaré,7
Guapirama,7
Iaciara,7
Iaçu,7
Iacri,7
Humberto de Campos,7
Igaratá,7
Alto Paraíso,7
Alto do Rodrigues,7
Alto Paraná,7
Alto Paraguai,7
Alto Caparaó,7
Altaneira,7
Alto Araguaia,7
Álvaro de Carvalho,7
Alto Taquari,7
Altônia,7
Alvinlândia,7
Álvares Florence,7
Alvarenga,7
Alto Santo,7
Alto Horizonte,7
Alto Piquiri,7
Alto Garças,7
Iguape,7
Iguaí,7
Itagibá,7
Itaguari,7
Itaguajé,7
Itabuna,7
Itacambira,7
Itabira,7
Itapiratins,7
Itupiranga,7
Ituverava,7
Itumirim,7
Ituiutaba,7
Iturama,7
Ituberá,7
Ituaçu,7
Itobi,7
Amajari,7
Alvorada do Oeste,7
Alvorada de Minas,7
Alvorada do Gurguéia,7
Alvinópolis,7
Amapá do Maranhão,7
Amambai,7
Alvorada,7
Itiúba,7
Itirapina,7
Itinga,7
Major Gercino,7
Major Isidoro,7
Mallet,7
Major Sales,7
Malhada dos Bois,7
Malta,7
Major Vieira,7
Magé,7
Itapetinga,7
Porto Feliz,7
Porto Nacional,7
Porto de Pedras,7
Americana,7
Américo de Campos,7
Amaturá,7
América Dourada,7
Amélia Rodrigues,7
Americano do Brasil,7
Amargosa,7
Amarante,7
Amarante do Maranhão,7
Amaralina,7
Amaral Ferrador,7
Amaraji,7
Amaporã,7
Santarém Novo,7
Santana dos Garrotes,7
Santana dos Montes,7
Santanópolis,7
Madre de Deus,7
Mairiporã,7
Maiquinique,7
Madre de Deus de Minas,7
Magda,7
Maetinga,7
Porto Ferreira,7
Porto Estrela,7
Porto dos Gaúchos,7
Porto Franco,7
Porto Grande,7
Santana do Riacho,7
Santana do Piauí,7
Sete Lagoas,7
Umbaúba,7
Umuarama,7
Umburanas,7
Umarizal,7
Umari,7
Porto da Folha,7
Porto Belo,7
Porto Alegre do Piauí,7
Porto Acre,7
Porto Alegre,7
Porto Alegre do Norte,7
Santana do Seridó,7
Santana do São Francisco,7
Vitorino,7
Umirim,7
Ulianópolis,7
União de Minas,7
Valparaíso,7
Uibaí,7
Zacarias,7
Zortéa,7
Xaxim,7
Xinguara,7
Santana do Matos,7
Santana do Manhuaçu,7
Santana do Maranhão,7
Santana do Livramento,7
Santana do Paraíso,7
Santana do Mundaú,7
Anadia,7
Anahy,7
Amparo de São Francisco,7
Ampére,7
Amparo da Serra,7
Amorinópolis,7
Amontada,7
Ametista do Sul,7
Américo Brasiliense,7
Wanderley,7
Witmarsum,7
Wanderlândia,7
Volta Redonda,7
Votorantim,7
Victor Graeff,7
Vitória da Conquista,7
Vitória de Santo Antão,7
Vitória,7
Vítor Meireles,7
Vista Alegre,7
Visconde De Mauá,7
Vinhedo,7
Vilhena,7
Virgolândia,7
Ananás,7
Anamã,7
Anajatuba,7
Anajás,7
Analândia,7
Anagé,7
Andradas,7
Angatuba,7
Andrelândia,7
Andirá,7
Andaraí,7
Anaurilândia,7
Anastácio,7
Anapurus,7
Anapu,7
Vila Nova do Piauí,7
Vila Velha,7
Vila Nova dos Martírios,7
Vila Flor,7
Videira,7
Vicente Dutra,7
Viamão,7
Vianópolis,7
Viadutos,7
Verdejante,7
Vertentes,7
Verê,7
Veredinha,7
Veranópolis,7
Vera Mendes,7
Angical do Piauí,7
Angelândia,7
André da Rocha,7
Andradina,7
Andorinha,7
Angicos,7
Angélica,7
Angico,7
Angical,7
Angelina,7
Angelim,7
Vera,7
Venha-Ver,7
Venda Nova do Imigrante,7
Varzelândia,7
Vazante,7
Várzea Paulista,7
Varzedo,7
Várzea Nova,7
Vargem Grande do Rio Pardo,7
Varjão,7
Vargem Grande Paulista,7
Vargem Alta,7
Anísio de Abreu,7
Antônio Almeida,7
Antonina,7
Anhumas,7
Anguera,7
Anicuns,7
Anhembi,7
Angra dos Reis,7
Anhanguera,7
Ângulo,7
Valparaíso de Goiás,7
Valinhos,7
Valença do Piauí,7
Valentim Gentil,7
Vale Verde,7
Vale do Sol,7
Vale do Paraíso,7
Vale do Anari,7
Vale de São Domingos,7
Vacaria,7
Várzea Branca,7
Varjota,7
Varginha,7
Varre-Sai,7
Anita Garibaldi,7
Antas,7
Anori,7
Anta Gorda,7
Antonina do Norte,7
Antônio Cardoso,7
Utinga,7
Urupema,7
Uruguaiana,7
Uruoca,7
Urucurituba,7
Urucará,7
Urucânia,7
Uruana de Minas,7
Vargem Alegre,7
Vanini,7
Uruaçu,7
Uru,7
Uraí,7
Unistalda,7
União do Sul,7
União,7
Antônio Prado de Minas,7
Aparecida do Rio Doce,7
Aparecida D'Oeste,7
Antônio Prado,7
Antônio Martins,7
Antônio Gonçalves,7
Antônio Dias,7
Antônio Olinto,7
Antônio João,7
Apiúna,7
Aparecida de Goiânia,7
União da Serra,7
Una,7
União da Vitória,7
Unaí,7
Uchoa,7
Uberlândia,7
Ubatuba,7
Ubatã,7
Ubiratã,7
Ubarana,7
Uberaba,7
Ubaí,7
Urubici,7
Turvolândia,7
Turiúba,7
Apucarana,7
Apuiarés,7
Apuí,7
Aporé,7
Aporá,7
Apodi,7
Apiacás,7
Aperibé,7
Aparecida do Taboado,7
Apiacá,7
Apicum-Açu,7
Apiaí,7
Aparecida do Rio Negro,7
Tupiratins,7
Tupãssi,7
Tuparetama,7
Tupandi,7
Tuparendi,7
Tupanciretã,7
Tuntum,7
Tunápolis,7
Uauá,7
Ubaíra,7
Ubaitaba,7
Tutóia,7
Tururu,7
Turvelândia,7
Aquidabã,7
Aquidauana,7
Apuarema,7
Tupã,7
Tupanatinga,7
Tucumã,7
Tuiuti,7
Tubarão,7
Tufilândia,7
Tucuruí,7
Trombas,7
Trizidela do Vale,7
Trombudo Central,7
Triunfo Potiguar,7
Trindade do Sul,7
Três Barras,7
Três Arroios,7
Tremedal,7
Araçoiaba,7
Aracoiaba,7
Aracitaba,7
Araçatuba,7
Aracatu,7
Araçariguama,7
Araçás,7
Araçagi,7
Arabutã,7
Araçaí,7
Aracaju,7
Aracati,7
Aquiraz,7
Tracunhaém,7
Torixoréu,7
Tonantins,7
Tiradentes,7
Três Ranchos,7
Três Palmeiras,7
Treze Tílias,7
Três Pontas,7
Três Marias,7
Três Corações,7
Três Fronteiras,7
Três Cachoeiras,7
Três Barras do Paraná,7
Três de Maio,7
Três Coroas,7
Tenente Laurentino Cruz,7
Tiradentes do Sul,7
Tocantins,7
Tio Hugo,7
Timbiras,7
Timbó,7
Timbé do Sul,7
Timbaúba dos Batistas,7
Tijucas do Sul,7
Tijucas,7
Tietê,7
Tibau do Sul,7
Theobroma,7
Tremembé,7
Touros,7
Trancoso,7
Tasso Fragoso,7
Tartarugalzinho,7
Terra Nova do Norte,7
Tesouro,7
Tibau,7
Teutônia,7
Terra Rica,7
Teresópolis,7
Terezópolis de Goiás,7
Terra de Areia,7
Terezinha,7
Terra Nova,7
Terenos,7
Teresina,7
Teofilândia,7
Tapes,7
Tenente Ananias,7
Tenório,7
Teixeirópolis,7
Tejupá,7
Tefé,7
Teixeira Soares,7
Telha,7
Tejuçuoca,7
Teixeira de Freitas,7
Teixeira,7
Taubaté,7
Tatuí,7
Taió,7
Taguatinga,7
Taquarussu,7
Taquarituba,7
Taquarivaí,7
Tarrafas,7
Tarauacá,7
Taquaruçu do Sul,7
Taquaritinga do Norte,7
Taquari,7
Taquara,7
Tapiratiba,7
Taquaral de Goiás,7
Tapiramutá,7
Souto Soares,7
Sossego,7
Tapauá,7
Taparuba,7
Tapera,7
Tanque do Piauí,7
Tanque Novo,7
Tamboril,7
Tamboril do Piauí,7
Tangará da Serra,7
Tanque D'Arca,7
Tangará,7
Tamboara,7
Tanabi,7
Tanguá,7
Taipu,7
Araçu,7
Araçuaí,7
Aragominas,7
Aragoiânia,7
Araci,7
Araçoiaba da Serra,7
Taipas do Tocantins,7
Taiaçu,7
Tacaratu,7
Tabuleiro do Norte,7
Suzano,7
Taboão da Serra,7
Tabaporã,7
Tabatinga,7
Sulina,7
Sucupira do Norte,7
Sinop,7
Sinimbu,7
Sigefredo Pacheco,7
Simplício Mendes,7
Silvianópolis,7
Silves,7
Silveira Martins,7
Araguaiana,7
Araguatins,7
Araguari,7
Araguainha,7
Araguapaz,7
Aragarças,7
Araguaçu,7
Araguacema,7
Serra Preta,7
Serra Negra,7
Serrania,7
Serra Do Navio,7
Serrana,7
Serra da Saudade,7
Serra do Mel,7
Sorocaba,7
Sombrio,7
Solonópole,7
Socorro do Piauí,7
Sítio do Quinto,7
Soledade de Minas,7
Sítio do Mato,7
Siqueira Campos,7
Serra,7
Sapiranga,7
São Sebastião do Paraíso,7
São Miguel do Guamá,7
São Luís,7
São Lourenço,7
São José dos Pinhais,7
Severiano Melo,7
Serrolândia,7
Setubinha,7
Sertão Santana,7
Siderópolis,7
Serrita,7
Serranópolis de Minas,7
Serrinha,7
São José do Piauí,7
São José do Norte,7
São José do Jacuri,7
São José do Inhacorá,7
São José do Campestre,7
São José do Goiabal,7
São José do Belmonte,7
São José do Alegre,7
São José de Mipibu,7
Serafina Corrêa,7
Senhor do Bonfim,7
São Paulo,7
Sapucaia do Sul,7
São Jorge do Oeste,7
São José de Ribamar,7
São José das Palmeiras,7
São João do Piauí,7
São João Nepomuceno,7
São João do Triunfo,7
São João do Rio do Peixe,7
São João Evangelista,7
São João do Pau d'Alho,7
São Jorge,7
São José dos Ausentes,7
São José dos Campos,7
São José dos Basílios,7
São José do Rio Preto,7
São José do Ouro,7
São José do Rio Pardo,7
São João do Carú,7
São João da Ponte,7
São João do Cariri,7
São João Del Rei,7
São João da Paraúna,7
São João da Varjota,7
São João do Araguaia,7
São João da Urtiga,7
São João Batista do Glória,7
São João da Baliza,7
São João da Lagoa,7
São José de Piranhas,7
São José da Safira,7
São José da Tapera,7
São José da Lagoa Tapada,7
São João da Canabrava,7
São João da Boa Vista,7
São Jerônimo,7
São Gonçalo do Sapucaí,7
São Jerônimo da Serra,7
São Gonçalo dos Campos,7
São Gotardo,7
São Gonçalo do Rio Abaixo,7
São Gonçalo do Piauí,7
São Gonçalo do Rio Preto,7
São Gonçalo do Gurguéia,7
São Gonçalo do Pará,7
São João do Oriente,7
São João do Manteninha,7
São Geraldo da Piedade,7
São Geraldo do Baixio,7
São Gonçalo,7
São Gabriel do Oeste,7
São Geraldo,7
São Gabriel da Palha,7
São Gabriel da Cachoeira,7
São Francisco do Sul,7
São Francisco do Oeste,7
São Francisco do Maranhão,7
São Francisco do Pará,7
São Francisco do Piauí,7
São Francisco do Guaporé,7
São João da Fronteira,7
São João D'Aliança,7
São Francisco do Conde,7
São Francisco do Brejão,7
São Francisco de Sales,7
São Francisco de Itabapoana,7
São Francisco de Assis,7
São Francisco de Assis do Piauí,7
São Francisco de Goiás,7
São Fidélis,7
São Félix do Tocantins,7
São Félix do Xingu,7
São Félix de Minas,7
São Félix do Araguaia,7
São Fernando,7
São Gonçalo do Abaeté,7
São Geraldo do Araguaia,7
São Félix de Balsas,7
São Félix,7
São Felipe,7
São Felipe D'Oeste,7
São Domingos do Sul,7
São Domingos do Prata,7
São Domingos do Maranhão,7
São Domingos do Norte,7
São Domingos do Cariri,7
São Domingos das Dores,7
São Domingos do Azeitão,7
São Domingos do Capim,7
São Domingos de Pombal,7
São Domingos do Araguaia,7
São Francisco do Glória,7
São Desidério,7
São Cristóvão do Sul,7
São Carlos - SC,7
São Carlos - SP,7
São Caetano do Sul,7
São Caetano de Odivelas,7
São Caetano,7
São Braz do Piauí,7
São Brás do Suaçuí,7
São Brás,7
São Borja,7
São Bonifácio,7
São Bernardo,7
São Bernardino,7
São Félix do Piauí,7
São Félix do Coribe,7
São Bento do Una,7
São Bento do Trairi,7
São Bento do Sul,7
São Bento do Sapucaí,7
São Bento Abade,7
São Benedito do Sul,7
São Benedito do Rio Preto,7
São Bento de Pombal,7
São Bento do Norte,7
Santo Inácio do Piauí,7
Santos Dumont,7
Santo Inácio,7
Santópolis do Aguapeí,7
São Carlos do Ivaí,7
Santo Hipólito,7
Santo Expedito do Sul,7
Santo Augusto,7
Santo Expedito,7
Santo Antônio do Tauá,7
Santo Antônio do Sudoeste,7
Santo Estevão,7
Santo Antônio dos Lopes,7
Santo Cristo,7
Santo Antônio dos Milagres,7
Santo Antônio do Rio Abaixo,7
Santo Antônio do Pinhal,7
Santo Antônio do Paraíso,7
Santo Antônio do Monte,7
São Bento do Tocantins,7
São Bernardo do Campo,7
Santo Antônio do Leste,7
Santo Antônio do Palma,7
Santo Antônio do Leverger,7
Santo Antônio do Jacinto,7
Santo Antônio do Grama,7
Santo Antônio do Descoberto,7
Santo Antônio do Içá,7
Santo Antônio do Itambé,7
Santo Antônio do Jardim,7
Santo Antônio do Caiuá,7
Santo Antônio do Aracanguá,7
Santo Antônio do Aventureiro,7
Santo Antônio do Amparo,7
Santo Antônio de Posse,7
São Benedito,7
Santos,7
Santo Antônio de Goiás,7
Santo Antônio da Barra,7
Santo Antônio da Patrulha,7
Santo Antônio da Alegria,7
Santo Antônio,7
Santo Antônio das Missões,7
Santo Ângelo,7
Santo Antônio da Platina,7
Santo Antônio de Lisboa,7
Santo Amaro das Brotas,7
Santo Amaro da Imperatriz,7
Santo Anastácio,7
Santo Amaro do Maranhão,7
Santo Antônio do Planalto,7
Santo Antônio do Retiro,7
Santana do Deserto,7
Santo Afonso,7
Santiago do Sul,7
Santana do Jacaré,7
Santana do Itararé,7
Santana do Garambéu,7
Santana do Ipanema,7
Santana de Pirapama,7
Santana do Araguaia,7
Santana do Acaraú,7
Santana do Cariri,7
Santana de Parnaíba,7
Santana de Mangueira,7
Santana de Cataguases,7
Santo Antônio de Pádua,7
Santo Antônio de Jesus,7
Santana da Vargem,7
Santa Vitória,7
Santaluz,7
Santa Vitória do Palmar,7
Santa Terezinha do Tocantins,7
Santa Terezinha de Itaipu,7
Santa Terezinha de Goiás,7
Santa Terezinha do Progresso,7
Santa Tereza do Tocantins,7
Santa Tereza do Oeste,7
Santa Tereza,7
Santo Amaro,7
Santiago,7
Santa Teresa,7
Santa Rosa de Viterbo,7
Santa Rosa do Tocantins,7
Santa Rosa do Sul,7
Santa Rosa do Purus,7
Santa Rosa do Piauí,7
Santa Rosa da Serra,7
Santa Rosa,7
Santa Rosa de Goiás,7
Santa Rita do Trivelato,7
Santa Rita do Tocantins,7
Santa Rita do Passa Quatro,7
Santa Rita do Novo Destino,7
Santana da Boa Vista,7
Santana da Ponte Pensa,7
Santa Rita do Araguaia,7
Santa Rita do Pardo,7
Santa Rita de Minas,7
Santa Rita do Itueto,7
Santa Rita de Jacutinga,7
Santa Rita de Cássia,7
Santa Rita de Caldas,7
Santa Rita D'Oeste,7
Santa Quitéria do Maranhão,7
Santa Mercedes,7
Santa Mônica,7
Santa Maria do Suaçuí,7
Santa Maria do Salto,7
Santa Salete,7
Santa Tereza de Goiás,7
Santa Maria do Tocantins,7
Santa Maria do Pará,7
Santa Maria do Oeste,7
Santa Maria da Vitória,7
Santa Maria do Herval,7
Santa Maria de Itabira,7
Santa Maria do Cambucá,7
Santa Maria de Jetibá,7
Santa Maria das Barreiras,7
Santa Maria da Serra,7
Santa Maria da Boa Vista,7
Santa Luzia do Paruá,7
Santa Margarida do Sul,7
Santa Rita do Sapucaí,7
Santa Rita do Ibitipoca,7
Santa Margarida,7
Santa Luzia do Itanhy,7
Santa Luzia do Oeste,7
Santa Luzia do Norte,7
Santa Luzia do Pará,7
Santa Juliana,7
Santa Luz,7
Santa Isabel do Rio Negro,7
Santa Izabel do Oeste,7
Santa Isabel do Ivaí,7
Santa Maria Madalena,7
Santa Mariana,7
Arame,7
Aral Moreira,7
Aramari,7
Santa Helena de Minas,7
Santa Helena de Goiás,7
Santa Gertrudes,7
Santa Filomena do Maranhão,7
Santa Fé do Araguaia,7
Santa Fé,7
Santa Cruz do Xingu,7
Santa Cruz do Piauí,7
Santa Cruz de Salinas,7
Santa Cruz da Esperança,7
Santa Cruz do Sul,7
Santa Cecília do Sul,7
Santa Bárbara do Sul,7
Santa Brígida,7
Santa Bárbara d'Oeste,7
Arapoti,7
Arapuá,7
Araporã,7
Arapiraca,7
Arapoema,7
Arapongas,7
Araponga,7
Arambaré,7
Arapeí,7
Arantina,7
Aramina,7
Arandu,7
Arara,7
Araraquara,7
Araranguá,7
Ararendá,7
Araquari,7
Araputanga,7
Santa Bárbara,7
Sanclerlândia,7
Sangão,7
Salto Veloso,7
Salvador,7
Sambaíba,7
Santa Cruz do Escalvado,7
Santa Cruz do Capibaribe,7
Santa Clara D'Oeste,7
Salinópolis,7
Salgueiro,7
Salgado Filho,7
Salgado de São Félix,7
Sairé,7
Sagrada Família,7
Aratiba,7
Aratuba,7
Arataca,7
Araruama,7
Araripe,7
Arari,7
Araricá,7
Araras,7
Araújos,7
Arauá,7
Araucária,7
Aratuípe,7
Salesópolis,7
Saldanha Marinho,7
Sabinópolis,7
Russas,7
Rubiataba,7
Roseira,7
Rosário Oeste,7
Rosário do Catete,7
Salto do Céu,7
Salto do Lontra,7
Rodeio Bonito,7
Rodeio,7
Ritápolis,7
Rochedo,7
Areiópolis,7
Areias,7
Areial,7
Areia de Baraúnas,7
Areia,7
Areado,7
Arcoverde,7
Arceburgo,7
Araxá,7
Arcos,7
Arco-Íris,7
Arinos,7
Aricanduva,7
Argirita,7
Arenápolis,7
Rio Verde de Mato Grosso,7
Rio Rufino,7
Rio Real,7
Rio Quente,7
Rio Pardo,7
Rio Novo do Sul,7
Rio Preto,7
Rorainópolis,7
Rondonópolis,7
Ronda Alta,7
Rolim de Moura,7
Rodrigues Alves,7
Rio do Sul,7
Rio de Janeiro,7
Rio do Fogo,7
Rio das Pedras,7
Aroeiras Do Itaim,7
Arraias,7
Arraial do Cabo,7
Aroazes,7
Arroio do Padre,7
Ariranha do Ivaí,7
Armazém,7
Arneiroz,7
Aroeiras,7
Armação dos Búzios,7
Aripuanã,7
Ariquemes,7
Rio das Flores,7
Rio das Ostras,7
Rio Crespo,7
Rio Branco do Sul,7
Rio Bonito do Iguaçu,7
Rio Bonito,7
Ribeirão Preto,7
Ribeirópolis,7
Rio Formoso,7
Rio Grande da Serra,7
Rio Grande,7
Rio Negrinho,7
Rio dos Cedros,7
Rio do Campo,7
Rio do Prado,7
Arroio Trinta,7
Arvoredo,7
Arroio Grande,7
Arroio do Tigre,7
Arroio do Sal,7
Arroio do Meio,7
Arraial,7
Ribeirão dos Índios,7
Ribeirão do Largo,7
Ribeirão Pires,7
Ribeirão do Sul,7
Ribeirão Bonito,7
Ribeira do Pombal,7
Ribeirão,7
Rianápolis,7
Rio da Conceição,7
Riachão do Dantas,7
Riachão do Bacamarte,7
Remanso,7
Redenção da Serra,7
Recife,7
Assaré,7
Assis Chateaubriand,7
Assis,7
Arvorezinha,7
Ascurra,7
Arujá,7
Aruanã,7
Artur Nogueira,7
Arroio dos Ratos,7
Quiterianópolis,7
Raposos,7
Quissamã,7
Quixeré,7
Quixelô,7
Quixeramobim,7
Rancharia,7
Queimados,7
Quirinópolis,7
Quevedos,7
Queiroz,7
Quipapá,7
Quilombo,7
Quijingue,7
Riachuelo,7
Riacho Frio,7
Presidente Dutra,7
Queluz,7
Queimadas,7
Putinga,7
Quartel Geral,7
Quatipuru,7
Queimada Nova,7
Quatiguá,7
Quebrangulo,7
Pureza,7
Prudente de Morais,7
Professor Jamil,7
Propriá,7
Princesa Isabel,7
Quatis,7
Resende,7
Pracinha,7
Princesa,7
Primavera do Leste,7
Primeira Cruz,7
Primavera de Rondônia,7
Presidente Prudente,7
Presidente Olegário,7
Presidente Nereu,7
Presidente Sarney,7
Presidente Getúlio,7
Presidente Figueiredo,7
Presidente Jânio Quadros,7
Presidente Epitácio,7
Porto Rico,7
Presidente Bernardes,7
Presidente Alves,7
Pratinha,7
Pratápolis,7
Pratânia,7
Prainha,7
Praia Norte,7
Pouso Redondo,7
Prata do Piauí,7
Pradópolis,7
Presidente Kubitschek,7
Prado,7
Ponte Branca,7
Prados,7
Potiraguá,7
Pouso Alto,7
Pouso Novo,7
Pouso Alegre,7
Potengi,7
Porto Walter,7
Poté,7
Porto Velho,7
Porto União,7
Porto Seguro,7
Porto Real,7
Porto Sauípe,7
Portel,7
Porteirinha,7
Poço de José de Moura,7
Poço Fundo,7
Porteirão,7
Porciúncula,7
Populina,7
Portão,7
Portalegre,7
Porangatu,7
Poranga,7
Ponto Novo,7
Ponte Nova,7
Pontes e Lacerda,7
Ponte Serrada,7
Pontalinda,7
Ponte Alta do Tocantins,7
Ponte Alta do Norte,7
Assaí,7
Assis Brasil,7
Aspásia,7
Pontalina,7
Pontal do Paraná,7
Pontal,7
Ponta Grossa,7
Ponta Porã,7
Pompéu,7
Ponta de Pedras,7
Pongaí,7
Pompéia,7
Pomerode,7
Pocrane,7
Poços de Caldas,7
Poconé,7
Piúma,7
Plácido de Castro,7
Pium,7
Augusto de Lima,7
Atílio Vivácqua,7
Augusto Corrêa,7
Augustinópolis,7
Augusto Pestana,7
Atibaia,7
Ataléia,7
Atalaia do Norte,7
Astorga,7
Astolfo Dutra,7
Assunção do Piauí,7
Assunção,7
Pirapora,7
Piraquê,7
Pirassununga,7
Poço Verde,7
Poço Branco,7
Poço Redondo,7
Poço das Antas,7
Pocinhos,7
Poá,7
Planaltina do Paraná,7
Planaltino,7
Planura,7
Planalto da Serra,7
Planaltina de Goiás,7
Piraí do Sul,7
Piraí do Norte,7
Pinto Bandeira,7
Piquerobi,7
Pitimbu,7
Piumhi,7
Pirpirituba,7
Piritiba,7
Piripá,7
Pires Ferreira,7
Pirenópolis,7
Piratuba,7
Piraúba,7
Piratini,7
Pirapemas,7
Piên,7
Piedade,7
Pindaré Mirim,7
Pindamonhangaba,7
Pirapozinho,7
Pirapetinga,7
Pirajuí,7
Piranguinho,7
Piranga,7
Piraí,7
Piracicaba,7
Piracanjuba,7
Piracaia,7
Piracuruca,7
Piraju,7
Pereira Barreto,7
Pereiro,7
Peritiba,7
Perdões,7
Pequi,7
Pintadas,7
Pinheiro Preto,7
Pio XII,7
Pinheiro,7
Pio IX,7
Pinhal da Serra,7
Pinheiral,7
Pinhais,7
Pingo-D'Água,7
Pedro Régis,7
Pedro Afonso,7
Pedro Laurentino,7
Pedras Grandes,7
Pedrão,7
Pimenta Bueno,7
Pesqueira,7
Piancó,7
Petrolina,7
Picada Café,7
Petrópolis,7
Piaçabuçu,7
Peruíbe,7
Pérola d'Oeste,7
Peritoró,7
Pavão,7
Paulínia,7
Paula Cândido,7
Paulino Neves,7
Pau D'Arco,7
Penápolis,7
Pelotas,7
Peixoto de Azevedo,7
Pentecoste,7
Penedo,7
Pejuçara,7
Peixe-Boi,7
Pedro Osório,7
Pedrinhas Paulista,7
Pedro Canário,7
Passagem,7
Passa Tempo,7
Passira,7
Passa Sete,7
Passagem Franca,7
Pedra Branca do Amapari,7
Pedra Bonita,7
Pedreira,7
Pedra Mole,7
Pedra Grande,7
Pederneiras,7
Pedra Azul,7
Paulo Frontin,7
Paulo Afonso,7
Paulo de Faria,7
Paranapuã,7
Paranaiguara,7
Paranacity,7
Parambu,7
Paraisópolis,7
Paraíso do Tocantins,7
Patrocínio Paulista,7
Patos PB,7
Patos de Minas,7
Pato Branco,7
Patrocínio do Muriaé,7
Patrocínio,7
Passo Fundo,7
Passos,7
Pastos Bons,7
Passo de Torres,7
Pão de Açúcar,7
Pancas,7
Panelas,7
Palmeira dos Índios,7
Palmeiras,7
Palmital,7
Palmelo,7
Palmeira,7
Parnarama,7
Pariquera-Açu,7
Parecis,7
Pareci Novo,7
Pardinho,7
Parari,7
Paraty,7
Paraopeba,7
Palma,7
Paes Landim,7
Ouro Velho,7
Pacajá,7
Paço do Lumiar,7
Padre Carvalho,7
Ouro Fino,7
Pacatuba,7
Paraipaba,7
Paraíso,7
Paramirim,7
Paraí,7
Paracatu,7
Pará de Minas,7
Palotina,7
Papanduva,7
Oriente,7
Orleans,7
Orlândia,7
Oliveira Fortes,7
Onda Verde,7
Olindina,7
Olho D'Água do Casado,7
Olinda,7
Palmares Paulista,7
Palmeira do Piauí,7
Palmeira das Missões,7
Ariranha,7
Palhano,7
Paiva,7
Paineiras,7
Palmácia,7
Novo Jardim,7
Novo Horizonte,7
Novo Santo Antônio,7
Novo Hamburgo,7
Condeúba,7
Novo Gama,7
Novo Barreiro,7
Novo Acordo,7
Congonhas,7
Osvaldo Cruz,7
Ourém,7
Ouriçangas,7
Ourinhos,7
Osasco,7
Ortigueira,7
Orocó,7
Nova Roma do Sul,7
Nova Roma,7
Nova Porteirinha,7
Nova Mamoré,7
Acarape,7
Alcinópolis,7
Nova Olinda do Norte,7
Nova Laranjeiras,7
Nova Marilândia,7
Óleo,7
Olho D'Água das Flores,7
Ocara,7
Novo Xingu,7
Novo Horizonte do Oeste,7
Novo Horizonte do Norte,7
Novo Mundo,7
Nova Ibiá,7
Nova Cruz,7
Nova Crixás,7
Nova Canaã,7
Nova Bassano,7
Nova Brasilândia D'Oeste,7
Nova Andradina,7
Nova Boa Vista,7
Nova América da Colina,7
Novo Brasil,7
Nova Trento,7
Nova Serrana,7
Nova Redenção,7
Nova Santa Rita,7
Nova Santa Rosa,7
Nova Rosalândia,7
Nísia Floresta,7
Nina Rodrigues,7
Neves Paulista,7
Nioaque,7
Nazarezinho,7
Nazaré do Piauí,7
Nilópolis,7
Natércia,7
Natal,7
Navegantes,7
Nova Ipixuna,7
Nova Guataporanga,7
Nova Guarita,7
Nova Friburgo,7
Nova Fátima,7
Nova Europa,7
Murici dos Portelas,7
Muribeca,7
Alambari,7
Munhoz,7
Alcântaras,7
Mucurici,7
Mucajaí,7
Mossâmedes,7
Mozarlândia,7
Mossoró,7
Nova Aurora,7
Nossa Senhora do Livramento,7
Nova Aliança do Ivaí,7
Nossa Senhora Aparecida,7
Nossa Senhora de Lourdes,7
Niterói,7
Monte Alto,7
Morro do Pilar,7
Morro do Chapéu,7
Aiuruoca,7
Morro Cabeça no Tempo,7
Morro Agudo de Goiás,7
Morro da Fumaça,7
Moreno,7
Moreilândia,7
Morpará,7
Moreira Sales,7
Alagoinha,7
Nanuque,7
Naviraí,7
Mutunópolis,7
Mutuípe,7
Aurora do Pará,7
Auriflama,7
Autazes,7
Aurilândia,7
Aurelino Leal,7
Aurora do Tocantins,7
Augusto Severo,7
Áurea,7
Morretes,7
Montes Claros de Goiás,7
Montes Claros,7
Montividiu do Norte,7
Monteiro Lobato,7
Monteiro,7
Monte Carmelo,7
Monte Horebe,7
Mineiros do Tietê,7
Montalvânia,7
Monte Alegre,7
Monte Alegre do Sul,7
Monsenhor Gil,7
Monções,7
Mombaça,7
Moiporá,7
Avelino Lopes,7
Aveiro,7
Axixá,7
Avaí,7
Avaré,7
Axixá do Tocantins,7
Avelinópolis,7
Alagoinha do Piauí,7
Balsa Nova,7
Balneário Piçarras,7
Balneário Arroio do Silva,7
Baldim,7
Baixo Guandu,7
Baixio,7
Balbinos,7
Babaçulândia,7
Avanhandava,7
Mogi das Cruzes,7
Mococa,7
Mirante,7
Mirante do Paranapanema,7
Mirandiba,7
Miranda,7
Aguiarnópolis,7
Maximiliano de Almeida,7
Maurilândia do Tocantins,7
Mira Estrela,7
Minaçu,7
Milton Brandão,7
Monte Alegre de Minas,7
Miguel Leão,7
Messias,7
Alagoa Grande,7
Banabuiú,7
Bálsamo,7
Baliza,7
Balneário Barra do Sul,7
Balneário Gaivota,7
Balneário Camboriú,7
Balneário Pinhal,7
Bandeirantes do Tocantins,7
Agudos do Sul,7
Banzaê,7
Barão de Antonina,7
Bannach,7
Bandeira do Sul,7
Bananal,7
Bandeira,7
Bananeiras,7
Bambuí,7
Balsas,7
Mercedes,7
Mesópolis,7
Mendes,7
Medeiros Neto,7
Medeiros,7
Águas Belas,7
Barcelona,7
Barcarena,7
Barbosa Ferraz,7
Conquista D'Oeste,7
Barão de Monte Alto,7
Maturéia,7
Matozinhos,7
Mauá da Serra,7
Mato Verde,7
Mato Queimado,7
Matipó,7
Matina,7
Barão de Grajaú,7
Barão de Melgaço,7
Barbalha,7
Matinha,7
Mathias Lobato,7
Matão,7
Mata de São João,7
Massaranduba,7
Mata,7
Maringá,7
Barra do Mendes,7
Barra do Bugres,7
Barra do Corda,7
Barra da Estiva,7
Conquista,7
Barra do Chapéu,7
Barra de Santo Antônio,7
Barra de Santana,7
Barra de Guabiraba,7
Barra do Rocha,7
Barra do Ribeiro,7
Barra do Jacaré,7
Barra do Rio Azul,7
Barra do Quaraí,7
Barra do Guarita,7
Barra do Piraí,7
Maripá,7
Marques de Souza,7
Marinópolis,7
Marizópolis,7
Mariluz,7
Marília,7
Marianópolis do Tocantins,7
Maria Helena,7
Maresias,7
Barro Duro,7
Conselheiro Mairinck,7
Barro,7
Marau,7
Maravilha,7
Marechal Cândido Rondon,7
Maraial,7
Maracanã,7
Barrinha,7
Barrolândia,7
Barra dos Coqueiros,7
Barra Mansa,7
Barreirinha,7
Cônego Marinho,7
Barras,7
Barra Longa,7
Manaíra,7
Mandirituba,7
Maceió,7
Mamanguape,7
Bela Cruz,7
Beberibe,7
Bayeux,7
Bela Vista do Maranhão,7
Bebedouro,7
Bauru,7
Baturité,7
Batayporã,7
Barueri,7
Bataguassu,7
Barroquinha,7
Barroso,7
Macatuba,7
Macambira,7
Macaíba,7
Luz,7
Luzerna,7
Lupionópolis,7
Luminárias,7
Lutécia,7
Marabá,7
Mantena,7
Manoel Ribas,7
Manhumirim,7
Manhuaçu,7
Mangueirinha,7
Manaus,7
Manaquiri,7
Luciara,7
Louveira,7
Lucianópolis,7
Lourdes,7
Lucena,7
Lorena,7
Lontra,7
Lizarda,7
Londrina,7
Macaúbas,7
Madeiro,7
Mamonas,7
Madalena,7
Macieira,7
Luzilândia,7
Macaé,7
Linha Nova,7
Lindóia do Sul,7
Limoeiro do Ajuru,7
Limoeiro,7
Limeira,7
Limoeiro do Norte,7
Lima Duarte,7
Limeira do Oeste,7
Lima Campos,7
Luiziânia,7
Luisburgo,7
Luislândia,7
Luís Domingues,7
Luís Eduardo Magalhães,7
Luís Correia,7
Lucas do Rio Verde,7
Lebon Régis,7
Leopoldina,7
Lavras,7
Leandro Ferreira,7
Lavras da Mangabeira,7
Lauro Müller,7
Lauro de Freitas,7
Lavínia,7
Lastro,7
Laurentino,7
Livramento de Nossa Senhora,7
Logradouro,7
Lobato,7
Livramento,7
Linhares,7
Lindoeste,7
Lambari,7
Lajedo,7
Lamarão,7
Lajedinho,7
Lajinha,7
Lajes Pintadas,7
Lajedo do Tabocal,7
Lajedão,7
Lamim,7
Lajeado Grande,7
Leópolis,7
Leme,7
Licínio de Almeida,7
Lençóis Paulista,7
Liberato Salzano,7
Lençóis,7
Lagoa Nova,7
Lagoa Grande do Maranhão,7
Alagoa Nova,7
Lagoa Real,7
Lagoa Dourada,7
Bariri,7
Lagoa dos Gatos,7
Lagoa do Tocantins,7
Lagoa do Ouro,7
Lagoa dos Patos,7
Landri Sales,7
Laranja da Terra,7
Laranjal do Jari,7
Laranjeiras,7
Lapão,7
Laranjal Paulista,7
Lagoa da Confusão,7
Lagoa do Barro do Piauí,7
Lagoa da Canoa,7
Lagoa D'Anta,7
Lagoa de Dentro,7
Lago Verde,7
Lagoa,7
Lago do Junco,7
Lages,7
Ladário,7
Lagoinha do Piauí,7
Lagoa Seca,7
Barreiras,7
Laguna Carapã,7
Laguna,7
Lajeado Novo,7
Barreiras do Piauí,7
Jussari,7
Juscimeira,7
Juruaia,7
Bofete,7
Juripiranga,7
Juruá,7
Juquitiba,7
Junqueirópolis,7
Jupi,7
Lagoa do Mato,7
Lagoa do Carro,7
Lagoa do Sítio,7
Lagoa de Velhos,7
Lagoa Bonita do Sul,7
Lagoa de Pedras,7
Junco do Maranhão,7
Jundiaí,7
Juiz de Fora,7
Jucurutu,7
Jucuruçu,7
Júlio de Castilhos,7
Jucati,7
Jucás,7
Juazeirinho,7
Juazeiro do Piauí,7
Lagamar,7
Lacerdópolis,7
Lafaiete Coutinho,7
Lábrea,7
Juvenília,7
Jussiape,7
João Costa,7
Juarez Távora,7
Juara,7
Juazeiro do Norte,7
Josenópolis,7
José Gonçalves de Minas,7
José da Penha,7
José Bonifácio,7
José Boiteux,7
José de Freitas,7
Joinville,7
Jordão,7
Juquiá,7
Juramento,7
Junco do Seridó,7
Jundiaí do Sul,7
Bodoquena,7
Bela Vista do Toldo,7
Bela Vista do Paraíso,7
Bela Vista de Minas,7
Bela Vista da Caroba,7
Bela Vista,7
Joca Marques,7
Joaquim Pires,7
Joaquim Felício,7
João Neiva,7
João Monlevade,7
Joaquim Nabuco,7
Joaquim Gomes,7
João Pessoa,7
João Câmara,7
João Lisboa,7
Joaçaba,7
Jijoca de Jericoacoara,7
Jitaúna,7
Ji-Paraná,7
Jesúpolis,7
Jeriquara,7
Boituva,7
Belo Jardim,7
Belo Horizonte,7
Belo Campo,7
Belford Roxo,7
Belém do Piauí,7
Belém do Brejo do Cruz,7
Belém de Maria,7
Belagua,7
Bela Vista do Piauí,7
Jeremoabo,7
Jericó,7
Jequié,7
Jenipapo dos Vieiras,7
Jenipapo de Minas,7
Jequitibá,7
Jeceaba,7
Jatobá do Piauí,7
Jaú do Tocantins,7
Bom Despacho,7
Jaú,7
Jati,7
Joanópolis,7
João Alfredo,7
Joanésia,7
Jesuânia,7
Belterra,7
Belo Vale,7
Benevides,7
Belo Oriente,7
Jateí,7
Jaru,7
Jataúba,7
Bocaiúva do Sul,7
Jarinu,7
Jardim Olinda,7
Bom Jardim da Serra,7
Jardim do Seridó,7
Jardim de Angicos,7
Jardim Alegre,7
Jardim do Mulato,7
Jaraguá,7
Japeri,7
Japira,7
Janiópolis,7
Januária,7
Januário Cicco,7
Jangada,7
Bernardo do Mearim,7
Bernardino Batista,7
Betânia,7
Berizal,7
Berilo,7
Bequimão,7
Bento Gonçalves,7
Bento Fernandes,7
Benjamin Constant,7
Benedito Leite,7
Japaratuba,7
Janaúba,7
Jambeiro,7
Jandaia do Sul,7
Bodó,7
Jampruca,7
Jaguaruana,7
Jaguaruna,7
Jales,7
Jaguaripe,7
Jaraguari,7
Japorã,7
Jaquirana,7
Jaqueira,7
Japonvar,7
Japi,7
Bias Fortes,7
Beruri,7
Bertolínia,7
Bertioga,7
Bernardo Sayão,7
Jaguaribe,7
Jaguarari,7
Jaguarão,7
Jaguaré,7
Jaguapitã,7
Jaguaquara,7
Bocaiúva,7
Jaguariaíva,7
Jacinto,7
Jacuípe,7
Jacobina,7
Jaboatão dos Guararapes,7
Jaboticaba,7
Ivorá,7
Bocaína do Sul,7
Ivaí,7
Boa Esperança do Sul,7
Boa Esperança (MG),7
Boa Esperança (ES),7
Boa Esperança,7
Bicas,7
Bituruna,7
Blumenau,7
Betim,7
Bezerros,7
Bilac,7
Birigui,7
Boa Vista do Buricá,7
Boa Vista do Gurupi,7
Boa Vista das Missões,7
Boa Ventura de São Roque,7
Boa Ventura,7
Boa Hora,7
Itaverava,7
Ivaiporã,7
Itaúba,7
Itatinga,7
Itatiba do Sul,7
Itaubal,7
Itaueira,7
Jacareí,7
Jacareacanga,7
Jacaraci,7
Itaquiraí,7
Itapuí,7
Itaquaquecetuba,7
Itaqui,7
Itapuranga,7
Itaporã,7
Itapitanga,7
Bom Jesus das Selvas,7
Arealva,7
Bom Jesus da Penha,7
Bom Jesus da Serra,7
Bom Jesus do Araguaia,7
Bom Jardim de Goiás,7
Boa Vista do Ramos,7
Boa Vista do Incra,7
Boa Vista da Aparecida,7
Bom Jesus do Norte,7
Bom Jesus do Oeste,7
Areal,7
Bom Jesus do Galho,7
Bom Lugar,7
Arenópolis,7
Itapoá,7
Itapevi,7
Campos Verdes,7
Itapetininga,7
Capitão de Campos,7
Itapema,7
Itapejara d'Oeste,7
Itarema,7
Itaquitinga,7
Itatiaia,7
Itambé do Mato Dentro,7
Itambacuri,7
Itamarati de Minas,7
Boca do Acre,7
Itamarati,7
Boa Vista do Sul,7
Bombinhas,7
Bom Sucesso do Sul,7
Bonfinópolis,7
Bom Retiro,7
Bom Repouso,7
Boracéia,7
Bom Princípio,7
Bom Progresso,7
Bom Retiro do Sul,7
Bom Jesus dos Perdões,7
Boqueirão do Leão,7
Bonito de Santa Fé,7
Bonito de Minas,7
Cachoeiro de Itapemirim,7
Boninal,7
Itajuípe,7
Itaju,7
Itapebi,7
Itaju do Colônia,7
Itaiópolis,7
Itapé,7
Itaóca,7
Itanhomi,7
Itanhaém,7
Itanagra,7
Cacimba de Areia,7
Itaguaru,7
Israelândia,7
Cacimbas,7
Iretama,7
Itá,7
Irecê,7
Irajuba,7
Botuverá,7
Braganey,7
Botelhos,7
Borrazópolis,7
Bossoroca,7
Cacimbinhas,7
Borá,7
Boquim,7
Boquira,7
Brazabrantes,7
Brasilândia,7
Bragança,7
Braço do Norte,7
Iraquara,7
Irapuã,7
Iranduba,7
Iraceminha,7
Iraí de Minas,7
Ipupiara,7
Iracema,7
Ipumirim,7
Cachoeira Paulista,7
Ipubi,7
Itabi,7
Itainópolis,7
Ipixuna do Pará,7
Ipu,7
Ipiranga do Sul,7
Ipiaçu,7
Ipiranga do Piauí,7
Ipiranga Do Norte,7
Ipiguá,7
Ipê,7
Ipecaetá,7
Ipatinga,7
Brejetuba,7
Brasília,7
Braúna,7
Brasília de Minas,7
Brasilândia do Sul,7
Brasileira,7
Imbé,7
Brejo Grande,7
Brochier,7
Brejo do Piauí,7
Breves,7
Brejo Santo,7
Brejo do Cruz,7
Cachoeiras de Macacu,7
Ipanguaçu,7
Inúbia Paulista,7
Ipaporanga,7
Inhuma,7
Inhambupe,7
Ingá,7
Indiavaí,7
Iporá,7
Buritama,7
Bueno Brandão,7
Buerarema,7
Buenópolis,7
Brusque,7
Brunópolis,7
Brodowski,7
Independência,7
Indiana,7
Indaiatuba,7
Indianópolis,7
Indaiabira,7
Inajá,7
Imperatriz,7
Inácio Martins,7
Imigrante,7
Ichu,7
Icó,7
Ilicínea,7
Ilhota,7
Ilhabela,7
Ilha Grande,7
Ilhéus,7
Ilha Comprida,7
Ijaci,7
Cachoeira Dourada,7
Igrapiúna,7
Iguaraci,7
Buriti do Tocantins,7
Buriti Bravo,7
Buri,7
Buriti Alegre,7
Cabo Frio,7
Cabo de Santo Agostinho,7
Cabedelo,7
Cabeceiras,7
Cabaceiras,7
Caarapó,7
Caaporã,7
Butiá,7
Buritizal,7
Buriticupu,7
Buriti dos Lopes,7
Igarassu,7
Igarapé-Açu,7
Igarapé Grande,7
Iepê,7
Igaporã,7
Cachoeira de Piriá,7
Cachoeira de Goiás,7
Cachoeira do Arari,7
Cachoeira da Prata,7
Icaraí de Minas,7
Içara,7
Ibotirama,7
Ibitirama,7
Ibitinga,7
Ibirubá,7
Cachoeira Alta,7
Cachoeira,7
Caçador,7
Caçapava,7
Cabrália Paulista,7
Cabreúva,7
Cajapió,7
Cajamar,7
Caieiras,7
Caiçara do Rio do Vento,7
Cairu,7
Bacabeira,7
Caibaté,7
Ibirarema,7
Ibiraiaras,7
Ibirama,7
Ibipitanga,7
Cafezal do Sul,7
Barão do Triunfo,7
Cafeara,7
Caculé,7
Caçu,7
Caldeirão Grande,7
Caldas,7
Caldas Novas,7
Caldazinha,7
Cajuri,7
Cajuru,7
Ibicaré,7
Ibiporã,7
Ibicuitinga,7
Ibiapina,7
Ibiaí,7
Ibarama,7
Ibema,7
Cajazeiras do Piauí,7
Cajazeiras,7
Cajari,7
Cambará,7
Camaragibe,7
Cambira,7
Camaquã,7
Cambuci,7
Camboriú,7
Camalaú,7
Camaçari,7
Ibertioga,7
Honório Serpa,7
Ibaiti,7
Hortolândia,7
Algodão de Jandaíra,7
Herveiras,7
Herculândia,7
Camacan,7
Campina Grande,7
Campina da Lagoa,7
Campina do Simão,7
Campina Verde,7
Campina Grande do Sul,7
Campina das Missões,7
Campestre,7
Campanário,7
Harmonia,7
Guiricema,7
Gurupi,7
Guiratinga,7
Guaxupé,7
Guatambú,7
Camocim,7
Campestre do Maranhão,7
Guaraí,7
Guidoval,7
Guia Lopes da Laguna,7
Guarinos,7
Guarulhos,7
Guarujá do Sul,7
Guarujá,7
Guareí,7
Guaratuba,7
Guarda-Mor,7
Guararema,7
Guararapes,7
Guaraqueçaba,7
Campinas do Piauí,7
Campinas,7
Campinaçu,7
Campo Bonito,7
Campo Bom,7
Campo Belo,7
Campo Alegre do Fidalgo,7
Campo Azul,7
Campinorte,7
Campo Alegre de Goiás,7
Guarapuava,7
Guarantã do Norte,7
Guarani de Goiás,7
Guarantã,7
Guarani D'Oeste,7
Guaramirim,7
Guaranésia,7
Guaraciama,7
Almeirim,7
Guaribas,7
Guaraçaí,7
Alegrete,7
Guaporema,7
Guarabira,7
Guapiara,7
Guapiaçu,7
Guapó,7
Guapé,7
Guanhães,7
Campo Grande do Piauí,7
Água Clara,7
Campo do Tenente,7
Campo Florido,7
Campo de Santana,7
Campo do Meio,7
Campos Belos,7
Campo Novo do Parecis,7
Campo Limpo Paulista,7
Campo Maior,7
Campo Limpo de Goiás,7
Campo Mourão,7
Água Azul do Norte,7
Guaiúba,7
Guajará-Mirim,7
Guajeru,7
Guairaçá,7
Grossos,7
Guabiruba,7
Gravataí,7
Gravatal,7
Alegrete do Piauí,7
Campos Sales,7
Candiba,7
Campos Novos Paulista,7
Campos Gerais,7
Candelária,7
Campos dos Goytacazes,7
Grão Mogol,7
Gravatá,7
Grandes Rios,7
Gramado,7
Grajaú,7
Governador Valadares,7
Governador Nunes Freire,7
Campos Lindos,7
Campo Verde,7
Campos de Júlio,7
Cantá,7
Canoinhas,7
Canindé de São Francisco,7
Canindé,7
Canguçu,7
Governador Mangabeira,7
Governador Dix-Sept Rosado,7
Governador Edison Lobão,7
Goioxim,7
Gongogi,7
Gonçalves,7
Canelinha,7
Canela,7
Cândido de Abreu,7
Cândido Rodrigues,7
Cândido Mendes,7
Gentil,7
Gentio do Ouro,7
Gonzaga,7
Goiânia,7
Goiás,7
Goianésia do Pará,7
Goianorte,7
Goianápolis,7
Goiana,7
Glorinha,7
Cachoeira dos Índios,7
Capão Bonito do Sul,7
Canudos,7
Canto do Buriti,7
Cansanção,7
Calumbi,7
Garuva,7
Capinópolis,7
Capim,7
Capelinha,7
Capela Nova,7
Capela do Alto,7
Candeias,7
Caparaó,7
Capela de Santana,7
Capão Alto,7
Goianá,7
Glória do Goitá,7
Glicério,7
Glaucilândia,7
Getúlio Vargas,7
Canas,7
Capixaba,7
Caraá,7
Caracaraí,7
Capitólio,7
Capitão Leônidas Marques,7
Capivari,7
Capitão Gervásio Oliveira,7
Capitão,7
Capistrano,7
Capinzal do Norte,7
Capim Grosso,7
Capinzal,7
Gavião,7
Gavião Peixoto,7
Garruchos,7
Garibaldi,7
Caraíbas,7
Caraguatatuba,7
Caraí,7
Carambeí,7
Capivari de Baixo,7
Capivari do Sul,7
Caputira,7
Gaspar,7
Garanhuns,7
Gameleiras,7
Gameleira de Goiás,7
Galvão,7
Funilândia,7
Frutuoso Gomes,7
Frei Paulo,7
Capoeiras,7
Cardoso Moreira,7
Cardeal da Silva,7
Caraúbas do Piauí,7
Fronteira,7
Frutal,7
Frei Inocêncio,7
Frei Gaspar,7
Frecheirinha,7
Francisco Santos,7
Carazinho,7
Caravelas,7
Caratinga,7
Carapebus,7
Carauari,7
Carangola,7
Canavieiras,7
Franca,7
Cana Verde,7
Formosa do Sul,7
Carira,7
Carlópolis,7
Cariri do Tocantins,7
Caridade,7
Carinhanha,7
Caridade do Piauí,7
Careiro da Várzea,7
Cariacica,7
Careaçu,7
Careiro,7
Cardoso,7
Canaã dos Carajás,7
Carbonita,7
Carmésia,7
Carlos Chagas,7
Carlinda,7
Cariús,7
Carlos Barbosa,7
Formigueiro,7
Florínea,7
Flórida,7
Florianópolis,7
Floriano,7
Cananéia,7
Francisco Badaró,7
Francisco Dantas,7
Fraiburgo,7
Formoso do Araguaia,7
Francinópolis,7
Florânia,7
Firminópolis,7
Filadélfia,7
Ferros,7
Figueira,7
Ferreira Gomes,7
Fernando Pedroza,7
Caroebe,7
Carnaubais,7
Carmópolis de Minas,7
Carneiros,7
Carmo da Mata,7
Carmo do Rio Claro,7
Carmo da Cachoeira,7
Carmo do Paranaíba,7
Carmo,7
Carutapera,7
Casa Branca,7
Carmópolis,7
Carneirinho,7
Carnaubeira da Penha,7
Carnaubal,7
Fernandes Tourinho,7
Fernandes Pinheiro,7
Canaã,7
Felipe Guerra,7
Feijó,7
Faxinal do Soturno,7
Fazenda Rio Grande,7
Feira de Santana,7
Floraí,7
Flores da Cunha,7
Fátima,7
Fartura do Piauí,7
Farol,7
Extrema,7
Faina,7
Eusébio,7
Euclides da Cunha,7
Comendador Gomes,7
Colombo,7
Casa Nova,7
Casa Grande,7
Caseara,7
Carvalhos,7
Carpina,7
Carrancas,7
Carrapateira,7
Cássia,7
Casimiro de Abreu,7
Castanhal,7
Cassilândia,7
Cássia dos Coqueiros,7
Casserengue,7
Cascalho Rico,7
Caseiros,7
Estrela Dalva,7
Estrela,7
Estação,7
Espumoso,7
Estância,7
Espinosa,7
Esperantina,7
Esperança,7
Espera Feliz,7
Erval Seco,7
Ernestina,7
Erval Velho,7
Erechim,7
Envira,7
Entre Rios do Sul,7
Colônia do Piauí,7
Castro,7
Castilho,7
Castelo do Piauí,7
Castelo,7
Castelândia,7
Castanheiras,7
Castanheira,7
Casinhas,7
Catas Altas,7
Colinas do Tocantins,7
Catarina,7
Catanduva,7
Catalão,7
Castro Alves,7
Engenheiro Coelho,7
Engenheiro Paulo de Frontin,7
Encruzilhada do Sul,7
Engenheiro Caldas,7
Encanto,7
Encantado,7
Emas,7
Embu das Artes,7
Eliseu Martins,7
Elísio Medrado,7
Duque Bacelar,7
Edéia,7
Duque de Caxias,7
Duas Estradas,7
Dracena,7
Doutor Ulysses,7
Dom Pedro de Alcântara,7
Catu,7
Catolé do Rocha,7
Catolândia,7
Caturaí,7
Catunda,7
Catuípe,7
Catingueira,7
Catiguá,7
Catas Altas da Noruega,7
Caturité,7
Caxias do Sul,7
Cavalcante,7
Caxias,7
Caucaia,7
Caturama,7
Doutor Ricardo,7
Dom Macedo Costa,7
Dom Joaquim,7
Dom Expedito Lopes,7
Dom Eliseu,7
Dois Vizinhos,7
Dois Riachos,7
Dois Irmãos,7
Eldorado,7
Elesbão Veloso,7
Divinópolis,7
Divinolândia,7
Divino,7
Divina Pastora,7
Dionísio,7
Dias D'Ávila,7
Ceres,7
Centenário do Sul,7
Colméia,7
Cedro do Abaeté,7
Caxingó,7
Ceará-Mirim,7
Celso Ramos,7
Colares,7
Almirante Tamandaré do Sul,7
Caxambu,7
Cerrito,7
Central de Minas,7
Central do Maranhão,7
Centralina,7
Cerqueira César,7
Centro do Guilherme,7
Diamantino,7
Desterro do Melo,7
Diadema,7
Desterro de Entre Rios,7
Descanso,7
Demerval Lobão,7
Davinópolis,7
Delfim Moreira,7
Dobrada,7
Divinópolis de Goiás,7
Delfinópolis,7
Damianópolis,7
Curvelo,7
Cururupu,7
Curral Novo do Piauí,7
Curral de Dentro,7
Curuá,7
Curitiba,7
Cesário Lange,7
Cerro Negro,7
Chã Preta,7
Chã de Alegria,7
Cerro Largo,7
Cerro Grande do Sul,7
Cerro Branco,7
Cerro Azul,7
Charqueadas,7
Chapada da Areia,7
Chapadão do Lageado,7
Chácara,7
Chapada,7
Dom Aquino,7
Curiúva,7
Curimatá,7
Curionópolis,7
Cunha,7
Cuiabá,7
Cumari,7
Cuitegi,7
Cumbe,7
Darcinópolis,7
Dário Meira,7
Croatá,7
Crixás,7
Crucilândia,7
Cruz,7
Cristalândia do Piauí,7
Chorrochó,7
Chopinzinho,7
Chiapeta,7
Chupinguaia,7
Chiador,7
Chavantes,7
Chaval,7
Chapecó,7
Chapadão do Céu,7
Chapada Gaúcha,7
Chapada do Norte,7
Corumbaíba,7
Cristália,7
Cristiano Otoni,7
Cristinápolis,7
Cristianópolis,7
Cristal do Sul,7
Crato,7
Criciúma,7
Crisópolis,7
Crateús,7
Coxilha,7
Cubati,7
Almirante Tamandaré,7
Cruzeiro da Fortaleza,7
Cruzeta,7
Cruzaltense,7
Coaraci,7
Claro dos Poções,7
Ciríaco,7
Cidade Gaúcha,7
Cidelândia,7
Cidade Ocidental,7
Cidreira,7
Chuvisca,7
Chuí,7
Cotiporã,7
Craíbas,7
Cotia,7
Costa Marques,7
Corupá,7
Costa Rica,7
Corumbiara,7
Correntes,7
Corrente,7
Córrego do Ouro,7
Córrego Danta,7
Coronel Xavier Chaves,7
Coronel Murta,7
Córrego Novo,7
Coronel Pacheco,7
Coronel João Pessoa,7
Coronel Martins,7
Cocal dos Alves,7
Coelho Neto,7
Cocal,7
Cocal de Telha,7
Clementina,7
Cláudio,7
Codajás,7
Cocalinho,7
Cocos,7
Coronel Freitas,7
Coronel Fabriciano,7
Coronel Ezequiel,7
Coronel João Sá,7
Cornélio Procópio,7
Coroaci,7
Coroatá,7
Coronel Domingos Soares,7
Coroados,7
Coribe,7
Coronel Barros,7
Corinto,7
Correntina,7
Contagem,7
Conselheiro Pena,7
Constantina,7
Conselheiro Lafaiete,7
Conceição do Mato Dentro,7
Conceição do Coité,7
Conceição do Almeida,7
Conceição do Castelo,7
Conceição das Alagoas,7
Conceição da Feira,7
Conceição de Macabu,7
Conceição de Ipanema,7
Coité do Nóia,7
Comendador Levy Gasparian,7
Conceição da Barra,7
Comercinho,7
Afrânio,7
Bagre,7
Baixa Grande do Ribeiro,7
Baixa Grande,7
Baião,7
Baía da Traição,7
Baianópolis,7
Bagé,7
Baía Formosa,7
Bady Bassitt,7
Bacurituba,7
Baependi,7
Bacuri,7
Água Preta,7
Afuá,7
Acará,7
Abaetetuba,7
Confins,7
Altamira,7
Alfenas,7
Confresa,7
Conchal,7
Concórdia,7
Conchas,7
Conceição do Rio Verde,7
Conceição do Lago Açu,7
Cordisburgo,7
Cordilheira Alta,7
Coremas,7
Cordeirópolis,7
Coração de Maria,7
Contendas do Sincorá,7
Abaeté,5
Abelardo Luz,5
Abaré,5
Abdon Batista,5
Acaraú,5
Adrianópolis,5
Acajutiba,5
Acreúna,5
Afonso Bezerra,5
Bacabal,5
Cachoeira Grande,5
Cacique Doble,5
Coromandel,5
Coronel José Dias,5
Coronel Macedo,5
Conceição do Jacuípe,5
Coqueiro Seco,5
Coqueiral,5
Corbélia,5
Coqueiro Baixo,5
Coreaú,5
Corguinho,5
Cordeiro,5
Cristalina,5
Corumbataí do Sul,5
Coruripe,5
Cotegipe,5
Cosmorama,5
Cosmópolis,5
Cotriguaçu,5
Coxixola,5
Couto de Magalhães,5
Coari,5
Coronel Sapucaia,5
Coronel Vivida,5
Coronel Pilar,5
Correia Pinto,5
Corumbá de Goiás,5
Coronel Bicaco,5
Cuité,5
Cumaru,5
Curitibanos,5
Curaçá,5
Cunha Porã,5
Cristópolis,5
Cristino Castro,5
Cromínia,5
Cruz Machado,5
Cruzália,5
Cruzeiro do Iguaçu,5
Coxim,5
Cravolândia,5
Crissiumal,5
Cristal,5
Cravinhos,5
Derrubadas,5
Desterro,5
Deodápolis,5
Dezesseis de Novembro,5
Diamante,5
Dianópolis,5
Central,5
Cerro Grande,5
Currais Novos,5
Curral Velho,5
Curralinhos,5
Custódia,5
Curvelândia,5
Damião,5
Cruzília,5
Cubatão,5
Dois Irmãos do Buriti,5
Dom Bosco,5
Dom Basílio,5
Dom Feliciano,5
Dom Pedro,5
Doutor Pedrinho,5
Diamante d'Oeste,5
Dilermando de Aguiar,5
Dionísio Cerqueira,5
Diorama,5
Divino das Laranjeiras,5
Divisa Alegre,5
Divinópolis do Tocantins,5
Divino de São Lourenço,5
Datas,5
David Canabarro,5
Eldorado dos Carajás,5
Embu-Guaçu,5
Encruzilhada,5
Elói Mendes,5
Enéas Marques,5
Engenheiro Navarro,5
Cataguases,5
Doutor Severiano,5
Duartina,5
Duerê,5
Durandé,5
Ecoporanga,5
Eirunepé,5
Eldorado do Sul,5
Dois Córregos,5
Dois Irmãos do Tocantins,5
Espigão Alto do Iguaçu,5
Espírito Santo do Pinhal,5
Esteio,5
Estiva Gerbi,5
Estiva,5
Estrela do Indaiá,5
Eugênio de Castro,5
Eugenópolis,5
Entre-Ijuís,5
Entre Rios de Minas,5
Ererê,5
Escada,5
Esmeraldas,5
Espírito Santo do Turvo,5
Esperança do Sul,5
Espírito Santo do Dourado,5
Fazenda Vilanova,5
Feira Grande,5
Feira Nova do Maranhão,5
Felixlândia,5
Feliz Deserto,5
Fernando Prestes,5
Carolina,5
Carvalhópolis,5
Estrela Velha,5
Fagundes Varela,5
Extremoz,5
Exu,5
Faria Lemos,5
Ewbank da Câmara,5
Fartura,5
Faro,5
Fonte Boa,5
Fontoura Xavier,5
Formiga,5
Formosa do Oeste,5
Formosa do Rio Preto,5
Caririaçu,5
Carmolândia,5
Fernandópolis,5
Ferraz de Vasconcelos,5
Ferreiros,5
Flora Rica,5
Figueirão,5
Flor da Serra do Sul,5
Florestal,5
Fátima do Sul,5
Faxinalzinho,5
Frei Miguelinho,5
Frei Rogério,5
Fruta de Leite,5
Formosa da Serra Negra,5
Forquetinha,5
Francisco Alves,5
Francisco Ayres,5
Francisco Sá,5
Francisco Morato,5
Francisco Macedo,5
Francisco Beltrão,5
Flores,5
Flores do Piauí,5
Florestópolis,5
Floriano Peixoto,5
Flórida Paulista,5
Fundão,5
Galiléia,5
Gado Bravo,5
Gália,5
Gabriel Monteiro,5
Galinhos,5
Gameleira,5
Caranaíba,5
Carandaí,5
Francisco Dumont,5
Franco da Rocha,5
Franciscópolis,5
Frederico Westphalen,5
Frei Lagonegro,5
Frei Martinho,5
Fronteiras,5
Capim Branco,5
Gandu,5
Gararu,5
Garça,5
Garopaba,5
Garrafão do Norte,5
Gastão Vidigal,5
Gaúcha do Norte,5
Geminiano,5
Gaurama,5
General Câmara,5
General Salgado,5
Capitão Andrade,5
Capitão Poço,5
Capitão Enéas,5
Fronteira dos Vales,5
Goioerê,5
Goiatins,5
General Sampaio,5
General Maynard,5
Getulina,5
Gilbués,5
Girau do Ponciano,5
Giruá,5
Glória D'Oeste,5
Glória de Dourados,5
Capão Bonito,5
Canutama,5
Canudos do Vale,5
Capão do Cipó,5
Capão do Leão,5
Capetinga,5
Governador Jorge Teixeira,5
Governador Lindenberg,5
Governador Luiz Rocha,5
Graça,5
Governador Newton Bello,5
Canguaretama,5
Canhotinho,5
Canitar,5
Canoas,5
Cantanhede,5
Godofredo Viana,5
Godoy Moreira,5
Goiabeira,5
Goianira,5
Goiandira,5
Gonçalves Dias,5
Gramado dos Loureiros,5
Granito,5
Grão Pará,5
Granja,5
Granjeiro,5
Groairas,5
Candeias do Jamari,5
Candói,5
Cândido Mota,5
Cândido Sales,5
Candiota,5
Goiatuba,5
Governador Celso Ramos,5
Gouvelândia,5
Governador Eugênio Barros,5
Governador Archer,5
Guaçuí,5
Guabiju,5
Guaíba,5
Guaiçara,5
Guaimbê,5
Guajará,5
Campo Largo,5
Campo Magro,5
Campo Largo do Piauí,5
Campo Novo,5
Campo Redondo,5
Campos do Jordão,5
Campos Altos,5
Graça Aranha,5
Graccho Cardoso,5
Gramado Xavier,5
Guariba,5
Guarani,5
Guaraíta,5
Guaramiranga,5
Guarani das Missões,5
Guaraniaçu,5
Guarapari,5
Campo do Brito,5
Campo Erê,5
Campo Formoso,5
Guamiranga,5
Guanambi,5
Guamaré,5
Guaporé,5
Guaraciaba do Norte,5
Grupiara,5
Guimarânia,5
Gurinhatã,5
Gurjão,5
Gurinhém,5
Gurupá,5
Guzolândia,5
Heitoraí,5
Heliodora,5
Campestre de Goiás,5
Campestre da Serra,5
Campina do Monte Alegre,5
Campinas do Sul,5
Campo Alegre de Lourdes,5
Guarará,5
Guaratinga,5
Guaratinguetá,5
Herval,5
Herval D'Oeste,5
Horizontina,5
Holambra,5
Hidrolina,5
Horizonte,5
Ibateguara,5
Ibaretama,5
Camanducaia,5
Camapuã,5
Camargo,5
Cambará do Sul,5
Cambuí,5
Cambuquira,5
Guatapará,5
Guimarães,5
Ibiara,5
Ibiaçá,5
Ibiassucê,5
Ibicaraí,5
Ibiam,5
Ibipeba,5
Cajazeirinhas,5
Cajueiro da Praia,5
Cajueiro,5
Calçoene,5
Caldas Brandão,5
Calçado,5
Caldeirão Grande do Piauí,5
Califórnia,5
Camacho,5
Heliópolis,5
Ibirajuba,5
Ibiraçu,5
Ibiquera,5
Ibiraci,5
Ibirapuã,5
Ibitiara,5
Ibirité,5
Caiabu,5
Caiana,5
Caiçara do Norte,5
Caicó,5
Cajobi,5
Cajati,5
Ibatiba,5
Ibiá,5
Ibaté,5
Ibitiúra de Minas,5
Ibituruna,5
Icatu,5
Icaraíma,5
Cachoeira de Minas,5
Caconde,5
Caém,5
Caeté,5
Caetanópolis,5
Caetés,5
Caiapônia,5
Ibimirim,5
Ibicoara,5
Ibicuí,5
Ibirá,5
Ibiracatu,5
Buritirama,5
Buritizeiro,5
Cabaceiras do Paraguaçu,5
Cabeceiras do Piauí,5
Cabeceira Grande,5
Cabixi,5
Cabo Verde,5
Caçapava do Sul,5
Cáceres,5
Cacaulândia,5
Ibirapitanga,5
Ibirapuitã,5
Ibirataia,5
Ibiúna,5
Ibititá,5
Icapuí,5
Iguaraçu,5
Ilha das Flores,5
Iconha,5
Icém,5
Igarapé do Meio,5
Igaracy,5
Igaci,5
Igaraçu do Tietê,5
Igarapava,5
Igarapé,5
Igarapé-Miri,5
Buriti de Goiás,5
Buritinópolis,5
Buriti dos Montes,5
Buritis,5
Caibi,5
Brotas,5
Ilópolis,5
Imaruí,5
Imbituva,5
Imbituba,5
Imbuia,5
Inconfidentes,5
Brotas de Macaúbas,5
Bugre,5
Bujaru,5
Buíque,5
Buriti,5
Igreja Nova,5
Igaratinga,5
Iguatemi,5
Igrejinha,5
Ingaí,5
Ingazeira,5
Inhapim,5
Iomerê,5
Inhumas,5
Ipanema,5
Inocência,5
Inimutaba,5
Brejo,5
Brejinho de Nazaré,5
Brejo dos Santos,5
Brejo de Areia,5
Breu Branco,5
Britânia,5
Brumado,5
Brumadinho,5
Ipuã,5
Ipuiúna,5
Iraí,5
Iracema do Oeste,5
Bozano,5
Bragança Paulista,5
Braga,5
Brasilândia de Minas,5
Brasópolis,5
Brazlândia,5
Ipeúna,5
Ipira,5
Ipituna,5
Ipiranga de Goiás,5
Ipixuna,5
Indiaroba,5
Itaipava,5
Itaipava do Grajaú,5
Itaitinga,5
Itajubá,5
Itamaraju,5
Botuporã,5
Brás Pires,5
Irauçuba,5
Irani,5
Irará,5
Irineópolis,5
Itaara,5
Irupi,5
Itaberaí,5
Ipueira,5
Iporanga,5
Itaperuçu,5
Itaperuna,5
Itapirapuã,5
Itapissuma,5
Itápolis,5
Itamari,5
Itamogi,5
Itamonte,5
Itaocara,5
Itapaci,5
Itaíba,5
Itabaianinha,5
Itabela,5
Itaiçaba,5
Itaipulândia,5
Itaituba,5
Itaú de Minas,5
Itaú,5
Itaúna do Sul,5
Iúna,5
Ivatuba,5
Ivinhema,5
Bom Jardim de Minas,5
Itapura,5
Itapuã do Oeste,5
Itaquara,5
Itararé,5
Itarana,5
Itatiaiuçu,5
Itapagé,5
Itapecerica da Serra,5
Itapemirim,5
Jacuí,5
Jacuizinho,5
Jaguari,5
Jaguaribara,5
Jaguaretama,5
Ivoti,5
Jaboti,5
Jaboticabal,5
Jaçanã,5
Jacaré dos Homens,5
Jaci,5
Jaciara,5
Jacobina do Piauí,5
Itati,5
Itatiba,5
Itaúna,5
Jardim de Piranhas,5
Jari,5
Jataí,5
Jataizinho,5
Benedito Novo,5
Bento de Abreu,5
Japaraíba,5
Janduís,5
Japoatã,5
Jaramataia,5
Jaguariúna,5
Jaicós,5
Jaíba,5
Jandaia,5
Jandira,5
Japaratinga,5
Juarina,5
João Dourado,5
João Ramalho,5
João Pinheiro,5
Joaquim Távora,5
Jóia,5
Jerônimo Monteiro,5
Jerumenha,5
Jesuítas,5
Jiquiriça,5
João Dias,5
Joaíma,5
Jequiá da Praia,5
Jequitaí,5
Jequeri,5
Jequitinhonha,5
Marcelino Vieira,5
Marco,5
Marcos Parente,5
Barretos,5
Manoel Viana,5
Mantenópolis,5
Mar de Espanha,5
Maraã,5
Macau,5
Lins,5
Júlio Borges,5
Juína,5
José Raydan,5
Joselândia,5
Joviânia,5
Juatuba,5
Marema,5
Marialva,5
Mariano Moro,5
Maricá,5
Mariópolis,5
Marituba,5
Marmeleiro,5
Barro Preto,5
Maracaí,5
Maranhãozinho,5
Maracanaú,5
Maragogi,5
Maranguape,5
Marapoama,5
Marataízes,5
Marcelândia,5
Matinhos,5
Mato Rico,5
Matões,5
Matões do Norte,5
Maurilândia,5
Matupá,5
Barra do Garças,5
Martinho Campos,5
Marumbi,5
Mascote,5
Massapê do Piauí,5
Martins,5
Mateiros,5
Mata Roma,5
Matelândia,5
Mataraca,5
Miracema,5
Ministro Andreazza,5
Mauá,5
Mazagão,5
Maxaranguape,5
Medianeira,5
Medicilândia,5
Mendes Pimentel,5
Meridiano,5
Mendonça,5
Mercês,5
Bandeirante,5
Barbacena,5
Matias Olímpio,5
Matinhas,5
Mato Grosso,5
Montanha,5
Mineiros,5
Mirangaba,5
Mirante da Serra,5
Miraselva,5
Mirassolândia,5
Missal,5
Miravânia,5
Mogeiro,5
Messias Targino,5
Miguel Calmon,5
Miguel Alves,5
Milhã,5
Miguelópolis,5
Mimoso de Goiás,5
Minduri,5
Morros,5
Monte Alegre dos Campos,5
Monte Azul,5
Monte Belo,5
Monte Negro,5
Monte Santo do Tocantins,5
Morada Nova,5
Morada Nova de Minas,5
Mocajuba,5
Mogi Guaçu,5
Moju,5
Mombuca,5
Mongaguá,5
Mondaí,5
Montadas,5
Monte Alegre do Piauí,5
Prudentópolis,5
Ponte Preta,5
Poções,5
Placas,5
Pirambu,5
Picos,5
Paranavaí,5
Paranapanema,5
Olímpia,5
Nova Iguaçu,5
Morungaba,5
Mormaço,5
Moraújo,5
Morrinhos do Sul,5
Morro da Garça,5
Morro Redondo,5
Ribas do Rio Pardo,5
Ribeira do Piauí,5
Ribeirão Branco,5
Ribeirão Corrente,5
Ribeirão do Pinhal,5
Ribeirão das Neves,5
Ribeirão Grande,5
Resende Costa,5
Restinga,5
Resplendor,5
Riachão das Neves,5
Restinga Seca,5
Riacho dos Cavalos,5
Riacho dos Machados,5
Reriutaba,5
Progresso,5
Riolândia,5
Rio Sono,5
Rio Vermelho,5
Roca Sales,5
Rio do Pires,5
Rio de Contas,5
Rio Espera,5
Rio Grande do Piauí,5
Rio Manso,5
Ribeiro Gonçalves,5
Rincão,5
Rio Bom,5
Rio Acima,5
Rio Branco,5
Rio Brilhante,5
Ribeira,5
Rubiácea,5
Roteiro,5
Rubim,5
Rubinéia,5
Roda Velha,5
Rodeiro,5
Rolante,5
Rolândia,5
Roncador,5
Rondolândia,5
Rondon do Pará,5
Rio Pomba,5
Rio Pardo de Minas,5
Rio Negro,5
Rio Paranaíba,5
Riqueza,5
Salvador das Missões,5
Salvaterra,5
Santa Amélia,5
Santa Adélia,5
Sandovalina,5
Sananduva,5
Araripina,5
Sagres,5
Saboeiro,5
Sabáudia,5
Salgado,5
Salete,5
Salto de Pirapora,5
Rosário,5
Roque Gonzales,5
Rosário do Ivaí,5
Santa Cruz do Rio Pardo,5
Santa Fé de Minas,5
Santa Efigênia de Minas,5
Araguaína,5
Santa Branca,5
Santa Bárbara de Goiás,5
Santa Bárbara do Leste,5
Santa Cecília,5
Santa Bárbara do Tugúrio,5
Santa Cruz da Baixa Verde,5
Santa Cruz Cabrália,5
Santa Cruz das Palmeiras,5
Salitre,5
Salto da Divisa,5
Salmourão,5
Salvador do Sul,5
Tobias Barreto,5
Tianguá,5
Sorriso,5
Sumaré,5
Tailândia,5
Tacima,5
Aracruz,5
São Mateus,5
São Miguel do Gostoso,5
Saúde,5
São João do Pacuí,5
São João do Sabugi,5
São João da Mata,5
São João do Manhuaçu,5
Santa Izabel do Pará,5
Santa Leopoldina,5
Turilândia,5
Tumiritinga,5
Tucano,5
Traipu,5
Três Lagoas,5
Tomar do Geru,5
Tomé-Açú,5
Tocos do Moji,5
Tombos,5
Toropi,5
Torres,5
Torre de Pedra,5
Trairi,5
Timóteo,5
Timon,5
Tocantinópolis,5
Ubirajara,5
Ubiretama,5
União do Oeste,5
Tupirama,5
Turuçu,5
Turvânia,5
Uarini,5
Ubá,5
Ubajara,5
Tupaciguara,5
Tunas do Paraná,5
Tuneiras do Oeste,5
Tunas,5
Tupanci do Sul,5
Tupi Paulista,5
Turiaçu,5
Uruçuí,5
Urucuia,5
Urupês,5
Urussanga,5
Urutaí,5
Urupá,5
Uniflor,5
União Paulista,5
União dos Palmares,5
Upanema,5
Urandi,5
Urânia,5
Urbano Santos,5
Uruana,5
Uruará,5
Ubaporanga,5
Várzea do Poço,5
Várzea da Roça,5
Vassouras,5
Venâncio Aires,5
Ventania,5
Venturosa,5
Vargem Grande,5
Vargem Grande do Sul,5
Varjão de Minas,5
Várzea Alegre,5
Várzea da Palma,5
Vale Real,5
Valente,5
Vargeão,5
Uruburetama,5
Uruçuca,5
Vitória do Mearim,5
Vicentinópolis,5
Vila Bela da Santíssima Trindade,5
Vieirópolis,5
Vigia,5
Vidal Ramos,5
Vila Boa,5
Vila Flores,5
Vila Valério,5
Vila Nova do Sul,5
Anápolis,5
Vera Cruz do Oeste,5
Veríssimo,5
Vertente do Lério,5
Vespasiano,5
Vicentina,5
Uirapuru,5
Volta Grande,5
Vitória do Xingu,5
Vitória do Jari,5
Wall Ferraz,5
Wagner,5
Wenceslau Guimarães,5
Xambioá,5
Xambrê,5
Xexéu,5
Vila Pavão,5
Virgem da Lapa,5
Virgínia,5
Virmond,5
Viseu,5
Vitória Brasil,5
Jauru,5
Jaraguá do Sul,5
Itiquira,5
Monte Verde,5
Miraguaí,5
Rodelas,5
Porto,5
Sabará,5
Umbuzeiro,5
Umburatiba,5
Xapuri,5
Xique-Xique,5
Vista Gaúcha,5
Vista Alegre do Alto,5
Uiramutá,5
Uiraúna,5
Goianinha,5
Itacajá,5
Itacarambi,5
Itacoatiara,5
Itacurubi,5
Itaguaçu da Bahia,5
Itaguaí,5
Itaguaçu,5
Itaeté,5
Iguaba Grande,5
Amapá,5
Itirapuã,5
Itumbiara,5
Itupeva,5
Itueta,5
Jaupaci,5
Forquilhinha,5
Fortim,5
Fortaleza do Tabocão,5
Fortuna,5
Fortaleza dos Nogueiras,5
Foz do Jordão,5
Érico Cardoso,5
Alpinópolis,5
Ielmo Marinho,5
Hugo Napoleão,5
Hulha Negra,5
Iacanga,5
Iapu,5
Iaras,5
Iati,5
Guapimirim,5
Cacimba de Dentro,5
Bujari,5
Canavieira,5
Candeal,5
Calmon,5
Cambé,5
Agricolândia,5
Domingos Martins,5
Dona Emma,5
Dona Francisca,5
Dores do Indaiá,5
Dores do Rio Preto,5
Dormentes,5
Dourado,5
Forquilha,5
Fortaleza de Minas,5
Águas de Lindóia,5
Águas Lindas de Goiás,5
Aguiar,5
Abadiânia,5
Alecrim,5
Boa Vista,4
Belmonte,4
Pilar,4
Taperoá,4
Sarandi,4
São Tomé,4
Soledade,4
Monte Castelo,4
Milagres,4
Laranjal,4
Irati,4
Batalha,4
Araióses,2
Anitápolis,2
Alto Paraíso de Goiás,2
Alto Bela Vista,2
Alterosa,2
Alta Alegre dos Parecis,2
Bocaina de Minas,2
Boa Vista do Cadeado,2
Boa Viagem,2
Boa Nova,2
Biritinga,2
Boa Esperança do Iguaçu,2
Biguaçu,2
Biritiba-Mirim,2
Biquinhas,2
Bertópolis,2
Betânia do Piauí,2
Bernardino de Campos,2
Benjamin Constant do Sul,2
Beneditinos,2
Almadina,2
Albertina,2
Alcobaça,2
Aiquara,2
Águas Vermelhas,2
Abadia de Goiás,2
Adamantina,2
Afonso Cunha,2
Adustina,2
Acrelândia,2
Adelândia,2
Adolfo,2
Acaiaca,2
Abaíra,2
Abre Campo,2
Córrego Fundo,2
Córrego do Bom Jesus,2
Corumbá,2
Machados,2
Muquém de São Francisco,2
Mulungu do Morro,2
Muniz Ferreira,2
Muliterno,2
Muitos Capões,2
Mucuri,2
Mucugê,2
Muçum,2
Piedade dos Gerais,2
Piedade de Caratinga,2
Picuí,2
Piatã,2
Piacatu,2
Petrolândia,2
Petrolina de Goiás,2
Quadra,2
Puxinanã,2
Tamarana,2
Taiúva,2
Taguaí,2
Três Rios,2
Três Forquilhas,2
Tramandaí,2
Trabiju,2
Travesseiro,2
Tomazina,2
Timburi,2
Timbó Grande,2
Tigrinhos,2
Tibagi,2
Terra Boa,2
Teresina de Goiás,2
Teotônio Vilela,2
Tenente Portela,2
Teolândia,2
Telêmaco Borba,2
Teixeiras,2
Tauá,2
Tarumirim,2
Tarabai,2
Taquaral,2
Taquarana,2
Taquaraçu de Minas,2
Tapurah,2
Tanquinho,2
Tanhaçu,2
Taboleiro Grande,2
Tabaí,2
Tabapuã,2
Sumé,2
Surubim,2
Sucupira do Riachão,2
Sonora,2
Soure,2
Sobrália,2
Sirinhaém,2
Sítio Novo,2
Siriri,2
Simões,2
Simão Pereira,2
Silveirânia,2
Silva Jardim,2
Simolândia,2
Sertaneja,2
Serro,2
Sertão,2
Serranos,2
Serranópolis,2
Serrano do Maranhão,2
Serra Talhada,2
Serra Redonda,2
Serra Nova Dourada,2
Serra Dourada,2
Serra Grande,2
Serra de São Bento,2
Serra Azul,2
Seropédica,2
Sério,2
Seringueiras,2
Senhora dos Remédios,2
Senhora do Porto,2
Sento Sé,2
Sengés,2
Senhora de Oliveira,2
Senador Pompeu,2
Senador Sá,2
Senador La Rocque,2
Senador Georgino Avelino,2
Senador Guiomard,2
Senador José Porfírio,2
Senador Canedo,2
Selvíria,2
Senador Cortes,2
Sem Peixe,2
Segredo,2
Seberi,2
Sebastião Leal,2
Schroeder,2
Sebastião Laranjeiras,2
Seabra,2
Seara,2
Sebastião Barros,2
Saudade do Iguaçu,2
Saubara,2
Sarapuí,2
Sardoá,2
Sapucaia,2
São Vicente Ferrer,2
Sapeaçu,2
São Valério da Natividade,2
São Vicente do Seridó,2
São Valentim,2
São Valentim do Sul,2
São Simão,2
São Sebastião do Rio Verde,2
São Sebastião do Uatumã,2
São Sebastião do Passe,2
São Sebastião da Boa Vista,2
São Sebastião do Caí,2
São Sebastião da Bela Vista,2
São Sebastião da Amoreira,2
São Romão,2
São Pedro do Turvo,2
São Pedro dos Crentes,2
São Pedro do Sul,2
São Sebastião do Maranhão,2
São Pedro da Serra,2
São Pedro do Ivaí,2
São Pedro do Iguaçu,2
São Pedro do Butiá,2
São Pedro da União,2
São Pedro da Cipa,2
São Pedro da Aldeia,2
São Miguel do Tocantins,2
São Paulo de Olivença,2
São Miguel dos Campos,2
São Nicolau,2
São Pedro,2
São Miguel do Oeste,2
São Miguel do Iguaçu,2
São Miguel do Guaporé,2
São Miguel do Fidalgo,2
São Miguel da Boa Vista,2
São Miguel do Araguaia,2
São Miguel Arcanjo,2
São Miguel das Matas,2
São Luiz,2
São Manoel do Paraná,2
São Manuel,2
São Luiz do Paraitinga,2
São Mateus do Sul,2
São Martinho da Serra,2
São Luís Gonzaga do Maranhão,2
São Miguel,2
São Ludgero,2
São Luís de Montes Belos,2
São Lourenço da Mata,2
São Leopoldo,2
São José dos Quatro Marcos,2
São José dos Ramos,2
São José do Sul,2
São José do Seridó,2
São José do Sabugi,2
São José do Xingu,2
São José do Peixe,2
São José do Povo,2
São José do Mantimento,2
São José do Herval,2
São José do Jacuípe,2
São José do Egito,2
São José do Cedro,2
São José do Barreiro,2
São José de Princesa,2
São José do Brejo do Cruz,2
São José da Vitória,2
São José da Varginha,2
São José de Espinharas,2
São José da Lapa,2
São José da Laje,2
São Jorge do Ivaí,2
São José da Barra,2
São Jorge do Patrocínio,2
São José da Boa Vista,2
São Joaquim,2
São João dos Patos,2
São João do Ivaí,2
São João do Caiuá,2
São João de Iracema,2
São João da Ponta,2
São João de Pirabas,2
São João das Duas Pontes,2
São João da Barra,2
São Cristóvão,2
Santa Cruz dos Milagres,2
Santa Fé de Goiás,2
Santa Ernestina,2
Santa Cruz do Arari,2
Santa Cruz da Vitória,2
Santa Cruz de Goiás,2
Santa Cruz de Minas,2
Santa Cruz da Conceição,2
Santa Cecília do Pavão,2
Santa Bárbara do Pará,2
Santa Carmem,2
Santa Bárbara do Monte Verde,2
Santa Albertina,2
Salto Grande,2
Sanharó,2
Salto do Itararé,2
Saloá,2
Salto,2
Salinas,2
Rurópolis,2
Sacramento,2
Rosário da Limeira,2
Rubelita,2
Romelândia,2
Romaria,2
Rondinha,2
Rolador,2
Rochedo de Minas,2
Rio Tinto,2
Riozinho,2
Rio Piracicaba,2
Rio Preto da Eva,2
Rio Novo,2
Rio dos Índios,2
Rio Maria,2
Rio Fortuna,2
Rio Largo,2
Rio Doce,2
Rio do Oeste,2
Rio do Antônio,2
Rio das Antas,2
Rio Azul,2
Rinópolis,2
Rifaina,2
Ribeirãozinho,2
Ribeira do Amparo,2
Rialma,2
Ribamar Fiquene,2
Ribeirão Cascalheira,2
Riacho de Santo Antônio,2
Riacho das Almas,2
Riachão do Poço,2
Riachão do Jacuípe,2
Riachão,2
Reserva,2
Renascença,2
Remígio,2
Reginópolis,2
Regeneração,2
Redenção do Gurguéia,2
Relvado,2
Reduto,2
Regente Feijó,2
Registro,2
Redenção,2
Recursolândia,2
Recanto das Emas,2
Rebouças,2
Realeza,2
Raul Soares,2
Ramilândia,2
Raposa,2
Rancho Alegre d'Oeste,2
Rancho Queimado,2
Rafard,2
Rancho Alegre,2
Rafael Jambeiro,2
Rafael Godeiro,2
Quixabeira,2
Quixaba,2
Quixabá,2
Quitandinha,2
Quinze de Novembro,2
Quintana,2
Quinta do Sol,2
Querência do Norte,2
Quedas do Iguaçu,2
Quatro Pontes,2
Quatro Irmãos,2
Quatro Barras,2
Quaraí,2
Quatá,2
Pugmil,2
Protásio Alves,2
Primeiro de Maio,2
Presidente Venceslau,2
Promissão,2
Presidente Lucena,2
Pranchita,2
Prado Ferreira,2
Pracuúba,2
Potirendaba,2
Potim,2
Porto Vitória,2
Porto Xavier,2
Porto Vera Cruz,2
Porto Lucena,2
Porto Mauá,2
Porto do Mangue,2
Porto de Moz,2
Porto Barreiro,2
Porto Amazonas,2
Porto Alegre do Tocantins,2
Porecatu,2
Porangaba,2
Pontes Gestal,2
Ponte Alta do Bom Jesus,2
Pontão,2
Poloni,2
Pombos,2
Platina,2
Pitangui,2
Pitanga,2
Pirapó,2
Piquete,2
Pindoretama,2
Pindorama,2
Pinhalão,2
Pinhal,2
Pindobaçu,2
Pimenteiras,2
Pindaí,2
Pimenta,2
Perobal,2
Peri Mirim,2
Perdigão,2
Pequizeiro,2
Penha,2
Pendências,2
Penaforte,2
Pedro Velho,2
Pedro Teixeira,2
Pedro de Toledo,2
Pedro Alexandre,2
Pedro II,2
Pedras de Maria da Cruz,2
Pedreiras,2
Pedralva,2
Pedra Lavrada,2
Pedra Dourada,2
Pedra Branca,2
Paulo Ramos,2
Pé de Serra,2
Pavussu,2
Paulo Lopes,2
Paulo Bento,2
Paulistas,2
Pauini,2
Paulicéia,2
Pau dos Ferros,2
Pau D'Arco do Piauí,2
Paty do Alferes,2
Patos do Piauí,2
Pato Bragado,2
Passos Maia,2
Passo do Sobrado,2
Passo de Camaragibe,2
Passagem Franca do Piauí,2
Passa e Fica,2
Passa Quatro,2
Parnaíba,2
Paripueira,2
Parintins,2
Pariconha,2
Paratinga,2
Parazinho,2
Parapuã,2
Paranhos,2
Paranaíba,2
Paranaitá,2
Paranatama,2
Paramoti,2
Paraná,2
Paraíso do Norte,2
Paragominas,2
Paraguaçu Paulista,2
Paraibuna,2
Paraguaçu,2
Paquetá,2
Paracambi,2
Palmitos,2
Pantano Grande,2
Palmeirópolis,2
Palmitinho,2
Palmeirais,2
Palmeirante,2
Palmeiras de Goiás,2
Palmeira D'Oeste,2
Palmas de Monte Alto,2
Palmares,2
Palmares do Sul,2
Palestina do Pará,2
Pains,2
Ouro Preto,2
Orós,2
Oratórios,2
Onça de Pitangui,2
Olho D'Água Grande,2
Novorizonte,2
Novo São Joaquim,2
Novo Repartimento,2
Novo Oriente de Minas,2
Novo Lino,2
Novo Horizonte do Sul,2
Novo Aripuanã,2
Nova Viçosa,2
Nova Venécia,2
Nova Timboteua,2
Nova Russas,2
Nova Santa Helena,2
Nova Ramada,2
Nova Resende,2
Nova Ponte,2
Nova Olinda do Maranhão,2
Nova Palma,2
Nova Petrópolis,2
Nova Módica,2
Nova Monte Verde,2
Nova Lima,2
Nova Itarana,2
Nova Hartz,2
Nova Floresta,2
Nova Esperança do Piriá,2
Nova Era,2
Nova Erechim,2
Nova Castilho,2
Nova Canaã Paulista,2
Nova Belém,2
Nova Canãa do Norte,2
Nova Brasilândia,2
Nova América,2
Nossa Senhora das Dores,2
Nossa Senhora de Nazaré,2
Nossa Senhora da Glória,2
Nova Aliança,2
Nortelândia,2
Nonoai,2
Nilo Peçanha,2
Nerópolis,2
Nepomuceno,2
Nazaré,2
Natividade da Serra,2
Naque,2
Muzambinho,2
Murutinga do Sul,2
Muriaé,2
Mucambo,2
Muqui,2
Muaná,2
Mostardas,2
Motuca,2
Mortugaba,2
Morro Reuter,2
Morro Grande,2
Morro do Chapéu do Piauí,2
Morro Agudo,2
Montividiu,2
Montezuma,2
Montes Altos,2
Monteirópolis,2
Monte Santo de Minas,2
Monte Sião,2
Monte Mor,2
Monte Santo,2
Monte das Gameleiras,2
Monte Formoso,2
Monte do Carmo,2
Belmiro Braga,2
Monte Carlo,2
Monte Belo do Sul,2
Monte Azul Paulista,2
Monte Alegre de Sergipe,2
Monte Alegre de Goiás,2
Monte Aprazível,2
Montanhas,2
Monjolos,2
Monsenhor Paulo,2
Monsenhor Tabosa,2
Monsenhor Hipólito,2
Montauri,2
Monção,2
Moema,2
Moeda,2
Moita Bonita,2
Modelo,2
Missão Velha,2
Mirinzal,2
Mirandópolis,2
Miranorte,2
Mirim Doce,2
Mirassol D'Oeste,2
Miranda do Norte,2
Mirabela,2
Miraíma,2
Miraí,2
Miracema do Tocantins,2
Miracatu,2
Miradouro,2
Minas Novas,2
Minas do Leão,2
Minador do Negrão,2
Mimoso do Sul,2
Milagres do Maranhão,2
Barra Velha,2
Miguel Pereira,2
Melgaço,2
Meruoca,2
Meleiro,2
Medina,2
Mauriti,2
Matutina,2
Maués,2
Matriz de Camaragibe,2
Matrinchã,2
Matos Costa,2
Mato Leitão,2
Mato Castelhano,2
Matias Cardoso,2
Matias Barbosa,2
Mateus Leme,2
Materlândia,2
Mata Verde,2
Mata Grande,2
Massapê,2
Marzagão,2
Martins Soares,2
Maruim,2
Martinópolis,2
Martinópole,2
Maripá de Minas,2
Marmelópolis,2
Marliéria,2
Mário Campos,2
Mariápolis,2
Marilena,2
Marilândia do Sul,2
Marilândia,2
Marilac,2
Maribondo,2
Mariana Pimentel,2
Maria da Fé,2
Mari,2
Marechal Floriano,2
Marechal Deodoro,2
Marechal Thaumaturgo,2
Marcelino Ramos,2
Marcionílio Souza,2
Marcolândia,2
Marcação,2
Maratá,2
Maraú,2
Maravilhas,2
Marapanim,2
Marajá do Sena,2
Maragogipe,2
Maracás,2
Maracaçumé,2
Maracajá,2
Marabá Paulista,2
Mara Rosa,2
Manoel Urbano,2
Maquiné,2
Manoel Vitorino,2
Mansidão,2
Manoel Emídio,2
Mangaratiba,2
Mar Vermelho,2
Manga,2
Manduri,2
Manfrinópolis,2
Mandaguari,2
Mâncio Lima,2
Manacapuru,2
Manari,2
Mampituba,2
Mamborê,2
Mandaguaçu,2
Mambaí,2
Malhador,2
Malhada de Pedras,2
Malhada,2
Malacacheta,2
Mairipotaba,2
Mairinque,2
Mairi,2
Magalhães de Almeida,2
Mafra,2
Mãe do Rio,2
Mãe D'Água,2
Magalhães Barata,2
Macuco,2
Machado,2
Machadinho D'Oeste,2
Macururé,2
Machacalis,2
Machadinho,2
Macaubal,2
Macapá,2
Macaparana,2
Macajuba,2
Macarani,2
Maçambará,2
Luzinópolis,2
Lupércio,2
Luiziana,2
Lunardelli,2
Luís Gomes,2
Luís Antônio,2
Lucrécia,2
Lucélia,2
Loreto,2
Lontras,2
Loanda,2
Lindolfo Collor,2
Lindóia,2
Limoeiro de Anadia,2
Lidianópolis,2
Liberdade,2
Leopoldo de Bulhões,2
Leoberto Leal,2
Leme do Prado,2
Lavras do Sul,2
Lavrinhas,2
Lavandeira,2
Laranjeiras do Sul,2
Lassance,2
Agrolândia,2
Lapa,2
Lambari D'Oeste,2
Lajes,2
Lajeado do Bugre,2
Laje do Muriaé,2
Laje,2
Lagoa Vermelha,2
Lagoinha,2
Lagoão,2
Lagoa Salgada,2
Lagoa dos Três Cantos,2
Lagoa Formosa,2
Lagoa do Piauí,2
Lagoa de Itaenga,2
Lagoa de São Francisco,2
Lagoa da Prata,2
Lagoa Alegre,2
Lago dos Rodrigues,2
Lago da Pedra,2
Ladainha,2
Jutaí,2
Kaloré,2
Jutí,2
Juruena,2
Juruti,2
Juru,2
Juranda,2
Jupiá,2
Junqueiro,2
Jundiá,2
Júlio Mesquita,2
Jumirim,2
Jaguaraçu,2
Jacinto Machado,2
Jacupiranga,2
Jacundá,2
Jacaraú,2
Jacarezinho,2
Jaboticatubas,2
Ivolândia,2
Ivaté,2
Jaborá,2
Itutinga,2
Iuiu,2
Ituporanga,2
Itu,2
Itororó,2
Itiruçu,2
Itauçu,2
Itinga do Maranhão,2
Itatuba,2
Itariri,2
Itarumã,2
Itatim,2
Itatira,2
Itarantim,2
Itapororoca,2
Itaporanga D'Ajuda,2
Itaporã do Tocantins,2
Itapucá,2
Itapira,2
Itapiúna,2
Itapirapuã Paulista,2
Itapipoca,2
Itapicuru,2
Itapetim,2
Itapecuru-Mirim,2
Itapecerica,2
Itaparica,2
Itapagipe,2
Itaobim,2
Itanhangá,2
Itanhém,2
Itanhandu,2
Itambaracá,2
Itamaracá,2
Italva,2
Itamarandiba,2
Itajobi,2
Itaipé,2
Itaí,2
Itaguara,2
Itaguatins,2
Itagimirim,2
Itagi,2
Itacuruba,2
Itaboraí,2
Itabirito,2
Itaberaba,2
Itaberá,2
Irituia,2
Isaías Coelho,2
Barão de Cocais,2
Iramaia,2
Irapuru,2
Iracemápolis,2
Ipuaçu,2
Iporã,2
Iporã do Oeste,2
Ipojuca,2
Ipirá,2
Ipiranga,2
Ipiaú,2
Iperó,2
Ipaumirim,2
Ipameri,2
Inhapi,2
Inhangapi,2
Ipaba,2
Inhacorá,2
Inhaúma,2
Indiara,2
Indiaporã,2
Indaial,2
Inaciolândia,2
Imaculada,2
Imbé de Minas,2
Imbaú,2
Ilha Solteira,2
Ijuí,2
Iguatama,2
Guadalupe,2
Floresta Azul,2
Floresta do Araguaia,2
Flores de Goiás,2
Firmino Alves,2
Flexeiras,2
Flor do Sertão,2
Figueirópolis D'Oeste,2
Fernando Falcão,2
Fernão,2
Feliz Natal,2
Felisburgo,2
Feliz,2
Felício dos Santos,2
Feira da Mata,2
Fazenda Nova,2
Faxinal dos Guedes,2
Fagundes,2
Fama,2
Eunápolis,2
Estrela do Sul,2
Estrela de Alagoas,2
Esplanada,2
Espírito Santo,2
Espigão D'Oeste,2
Esmeralda,2
Ervália,2
Ermo,2
Erval Grande,2
Erebango,2
Equador,2
Epitaciolândia,2
Entre Folhas,2
Engenho Velho,2
Edealina,2
Doverlândia,2
Duas Barras,2
Doutor Maurício Cardoso,2
Dourados,2
Dom Pedrito,2
Dois Lajeados,2
Dois Irmãos das Missões,2
Diamantina,2
Descoberto,2
Delta,2
Delmiro Gouveia,2
Damolândia,2
Cutias,2
Curralinho,2
Curuçá,2
Cuparaque,2
Cunhataí,2
Cujubim,2
Cumaru do Norte,2
Cuité de Mamanguape,2
Cruzmaltina,2
Cruzeiro do Oeste,2
Cruz do Espírito Santo,2
Cruz Alta,2
Cruz das Almas,2
Cruzeiro,2
Crixás do Tocantins,2
Cristina,2
Cristalândia,2
Cristais Paulista,2
Crisólita,2
Cristais,2
Couto de Magalhães de Minas,2
Corumbataí,2
Cordislândia,2
Coqueiros do Sul,2
Coração de Jesus,2
Contenda,2
Consolação,2
Congonhinhas,2
Congonhas do Norte,2
Congonhal,2
Condor,2
Cordeiros,2
Concórdia do Pará,2
Conceição dos Ouros,2
Conceição do Tocantins,2
Conceição do Pará,2
Conceição do Canindé,2
Conceição do Araguaia,2
Conceição da Barra de Minas,2
Conceição da Aparecida,2
Conceição,2
Conceição das Pedras,2
Comodoro,2
Combinado,2
Colorado do Oeste,2
Colônia do Gurguéia,2
Colniza,2
Colina,2
Colinas do Sul,2
Coimbra,2
Codó,2
Cocalzinho de Goiás,2
Cocal do Sul,2
Clevelândia,2
Cláudia,2
Cipotânea,2
Claraval,2
Cipó,2
Cícero Dantas,2
Chorozinho,2
Choró,2
Chaves,2
Charrua,2
Charqueada,2
Chapadinha,2
Chapadão do Sul,2
Chapada da Natividade,2
Chapada dos Guimarães,2
Chalé,2
Chã Grande,2
Cezarina,2
Céu Azul,2
Cerquilho,2
Cerejeiras,2
Centro Novo do Maranhão,2
Cedro de São João,2
Caxambu do Sul,2
Catuti,2
Catuji,2
Catende,2
Carmo do Rio Verde,2
Carmo do Cajuru,2
Carmo de Minas,2
Cariré,2
Carapicuíba,2
Capão da Canoa,2
Campanha,2
Caiuá,2
Caetité,2
Brejolândia,2
Brejões,2
Brejo Grande do Araguaia,2
Brejão,2
Brejo Alegre,2
Brejo da Madre de Deus,2
Braúnas,2
Brasiléia,2
Brasnorte,2
Brasilândia do Tocantins,2
Brasil Novo,2
Branquinha,2
Braço do Trombudo,2
Botumirim,2
Borda da Mata,2
Borebi,2
Botucatu,2
Borba,2
Boqueirão do Piauí,2
Bonópolis,2
Boqueirão,2
Bonfim do Piauí,2
Bonfinópolis de Minas,2
Bom Sucesso de Itararé,2
Bom Princípio do Piauí,2
Bom Jesus do Sul,2
Bom Jesus do Itabapoana,2
Bom Jesus de Goiás,2
Bom Jesus do Amparo,2
Bom Jesus da Lapa,2
Bom Conselho,2
Bodocó,2
Boa Vista do Tupim,2
Boca da Mata,2
Almino Afonso,2
Bela Vista de Goiás,2
Arapuã,2
Batatais,2
Bastos,2
Barrocas,2
Barros Cassal,2
Barreiros,2
Aguanil,2
Água Limpa,2
Águas de São Pedro,2
Água Branca,2
Águas de Chapecó,2
Água Doce,2
Água Fria,2
Barreirinhas,2
Além Paraíba,2
Barra do Turvo,2
Barra do Ouro,2
Barra do Choça,2
Barra de Santa Rosa,2
Barra D'Alcântara,2
Barra de São Francisco,2
Barra,2
Barcelos,2
Barbosa,2
Barão de Cotegipe,2
Barão,2
Agudos,2
Aguaí,2
Águas de Santa Bárbara,2
Aldeias Altas,2
